guy3_chair070.jpg,150.0,101.0,0.6963366,155.0,96.0,0.8117418,145.0,96.0,0.7756407,163.0,97.0,0.77925014,140.0,97.0,0.58230853,172.0,112.0,0.80950147,133.0,115.0,0.6753044,185.0,80.0,0.7303533,119.0,82.0,0.6053111,183.0,51.0,0.3477447,116.0,49.0,0.38191488,164.0,190.0,0.85272014,139.0,190.0,0.6306374,156.0,247.0,0.83040226,136.0,245.0,0.71076775,158.0,284.0,0.77941597,141.0,282.0,0.8566091
guy3_chair070_flipped.jpg,151.0,101.0,0.7723099,155.0,96.0,0.76046455,145.0,96.0,0.82412684,160.0,97.0,0.75006104,137.0,98.0,0.805831,166.0,115.0,0.5629759,127.0,114.0,0.6417395,182.0,82.0,0.755337,115.0,79.0,0.75116634,180.0,48.0,0.52849346,118.0,52.0,0.17422873,161.0,188.0,0.70338166,137.0,190.0,0.8257381,162.0,245.0,0.8388885,143.0,247.0,0.8118404,157.0,283.0,0.6520704,143.0,287.0,0.7749975
guy3_chair071.jpg,151.0,103.0,0.72040975,155.0,99.0,0.8642198,146.0,98.0,0.80267584,163.0,99.0,0.70850176,141.0,99.0,0.5423868,173.0,113.0,0.7942132,132.0,116.0,0.7307281,185.0,81.0,0.7149491,119.0,84.0,0.77806777,182.0,54.0,0.40828395,116.0,54.0,0.30041012,164.0,190.0,0.54479307,139.0,190.0,0.60334975,155.0,248.0,0.77792645,136.0,245.0,0.7947457,157.0,286.0,0.7920717,141.0,281.0,0.78065145
guy3_chair071_flipped.jpg,150.0,103.0,0.77411234,154.0,98.0,0.5919496,145.0,97.0,0.65251344,158.0,99.0,0.7735021,137.0,100.0,0.7914792,166.0,117.0,0.5395686,127.0,117.0,0.6140652,182.0,84.0,0.73921496,115.0,81.0,0.6702844,179.0,51.0,0.54821223,117.0,55.0,0.33766863,160.0,189.0,0.68068874,135.0,190.0,0.7845534,163.0,246.0,0.8927146,143.0,249.0,0.91051996,157.0,282.0,0.71016026,143.0,286.0,0.7213795
guy3_chair072.jpg,150.0,105.0,0.7248216,155.0,100.0,0.84365964,146.0,100.0,0.79857486,164.0,101.0,0.7488897,142.0,101.0,0.68599504,174.0,114.0,0.7510513,134.0,118.0,0.62308884,184.0,83.0,0.74771935,119.0,87.0,0.5094996,182.0,55.0,0.46068943,116.0,53.0,0.39740127,164.0,191.0,0.71556526,140.0,191.0,0.7759818,156.0,248.0,0.73331654,136.0,245.0,0.86837125,157.0,287.0,0.7872813,141.0,282.0,0.83864665
guy3_chair072_flipped.jpg,151.0,105.0,0.7788521,154.0,100.0,0.5952201,145.0,100.0,0.6919161,158.0,100.0,0.6899395,137.0,102.0,0.81191343,166.0,117.0,0.7651936,126.0,118.0,0.77558696,181.0,84.0,0.8234782,116.0,84.0,0.8811939,182.0,59.0,0.4329675,119.0,59.0,0.1328355,160.0,189.0,0.8318123,135.0,191.0,0.78816307,164.0,247.0,0.81465816,144.0,249.0,0.83874285,157.0,282.0,0.7027535,142.0,287.0,0.68532217
guy3_chair073.jpg,150.0,107.0,0.7161206,155.0,102.0,0.63974595,146.0,101.0,0.5465585,163.0,103.0,0.79290426,142.0,102.0,0.72572553,174.0,116.0,0.85323775,134.0,120.0,0.6873325,184.0,85.0,0.8493334,119.0,87.0,0.65777135,181.0,54.0,0.53443444,116.0,53.0,0.43979776,165.0,193.0,0.7414953,140.0,193.0,0.81169,157.0,252.0,0.7817182,137.0,246.0,0.88179827,159.0,287.0,0.7704834,142.0,282.0,0.75836486
guy3_chair073_flipped.jpg,150.0,107.0,0.75870657,154.0,102.0,0.6207935,145.0,102.0,0.74270433,158.0,102.0,0.73987794,137.0,103.0,0.84988093,165.0,119.0,0.81385493,126.0,119.0,0.8522456,181.0,87.0,0.6961327,117.0,84.0,0.79363847,184.0,60.0,0.52985114,120.0,61.0,0.21130705,159.0,190.0,0.82244647,135.0,192.0,0.79369366,164.0,246.0,0.8462169,142.0,249.0,0.8858293,156.0,283.0,0.7550678,142.0,290.0,0.7468115
guy3_chair074.jpg,149.0,109.0,0.49887717,154.0,104.0,0.7880825,145.0,103.0,0.6595625,163.0,104.0,0.5786202,142.0,105.0,0.6264503,174.0,117.0,0.74711144,134.0,122.0,0.58937764,183.0,86.0,0.77026117,119.0,90.0,0.70481473,180.0,58.0,0.5096874,114.0,56.0,0.37557882,164.0,193.0,0.72408605,140.0,193.0,0.7986754,154.0,252.0,0.62164164,135.0,249.0,0.868201,158.0,288.0,0.8455119,142.0,283.0,0.87836504
guy3_chair074_flipped.jpg,151.0,109.0,0.61160743,155.0,104.0,0.6180631,145.0,104.0,0.75038636,158.0,105.0,0.79890096,137.0,106.0,0.8452208,165.0,122.0,0.7210206,126.0,121.0,0.85186803,181.0,90.0,0.7388554,117.0,87.0,0.5672231,184.0,62.0,0.6572327,122.0,63.0,0.16277832,158.0,191.0,0.71648157,135.0,193.0,0.84301853,164.0,249.0,0.86644065,144.0,251.0,0.9033217,156.0,282.0,0.7826283,143.0,289.0,0.78637725
guy3_chair075.jpg,150.0,111.0,0.7020041,155.0,106.0,0.86711884,146.0,106.0,0.72959584,164.0,106.0,0.86782765,143.0,106.0,0.75383353,174.0,121.0,0.6667381,134.0,122.0,0.80559266,183.0,87.0,0.66915596,120.0,92.0,0.74464744,181.0,64.0,0.41228592,115.0,60.0,0.4361161,166.0,194.0,0.8204744,141.0,194.0,0.8270787,155.0,253.0,0.6998404,134.0,249.0,0.72498804,159.0,287.0,0.8025236,143.0,281.0,0.8742833
guy3_chair075_flipped.jpg,151.0,111.0,0.7428168,154.0,105.0,0.5047128,145.0,105.0,0.6572184,158.0,106.0,0.7641417,137.0,107.0,0.794472,165.0,123.0,0.6866643,126.0,122.0,0.8743992,181.0,90.0,0.51356983,118.0,88.0,0.8253972,184.0,65.0,0.5919557,120.0,64.0,0.15547043,157.0,192.0,0.7125176,134.0,194.0,0.83993024,165.0,248.0,0.9027905,144.0,251.0,0.9162854,156.0,279.0,0.7895214,142.0,286.0,0.75173366
guy3_chair076.jpg,148.0,113.0,0.6756087,154.0,108.0,0.7326596,144.0,108.0,0.7734879,163.0,107.0,0.8120711,142.0,108.0,0.6600121,174.0,121.0,0.75524354,134.0,124.0,0.85335267,182.0,90.0,0.8410231,120.0,92.0,0.62544715,180.0,65.0,0.2875779,116.0,65.0,0.3398968,166.0,195.0,0.6337767,141.0,195.0,0.83065206,155.0,252.0,0.89504886,134.0,249.0,0.89361286,159.0,286.0,0.84321415,143.0,280.0,0.7718433
guy3_chair076_flipped.jpg,151.0,112.0,0.7434814,155.0,107.0,0.6647773,146.0,107.0,0.6061734,159.0,108.0,0.68936086,138.0,109.0,0.7662699,165.0,125.0,0.8091705,126.0,124.0,0.6856011,180.0,92.0,0.67859364,118.0,89.0,0.8529217,184.0,66.0,0.47591043,121.0,66.0,0.118459105,158.0,194.0,0.7770409,134.0,196.0,0.85024345,166.0,250.0,0.9250005,145.0,252.0,0.86273587,155.0,280.0,0.7572469,143.0,287.0,0.80990696
guy3_chair077.jpg,148.0,114.0,0.69352376,153.0,109.0,0.8341433,144.0,109.0,0.7964196,162.0,109.0,0.73904973,142.0,110.0,0.60907894,173.0,123.0,0.62895495,134.0,125.0,0.7600447,180.0,91.0,0.73951465,120.0,93.0,0.5748758,176.0,58.0,0.6881076,114.0,60.0,0.38136008,166.0,197.0,0.7101303,142.0,196.0,0.7569686,154.0,253.0,0.7643889,134.0,251.0,0.8953955,158.0,288.0,0.72342366,143.0,281.0,0.63047886
guy3_chair077_flipped.jpg,152.0,114.0,0.74718094,156.0,108.0,0.6575067,146.0,109.0,0.8289778,158.0,109.0,0.81123924,137.0,110.0,0.754217,165.0,125.0,0.81450117,127.0,125.0,0.70582944,180.0,93.0,0.82411826,119.0,89.0,0.74109924,185.0,68.0,0.6041417,123.0,68.0,0.13121647,157.0,195.0,0.8732617,133.0,196.0,0.8337306,166.0,249.0,0.93691576,145.0,251.0,0.8348709,156.0,280.0,0.7911205,143.0,285.0,0.8107829
guy3_chair078.jpg,146.0,116.0,0.64912367,152.0,110.0,0.8028461,143.0,110.0,0.70658904,162.0,110.0,0.7877885,140.0,111.0,0.7176397,173.0,125.0,0.57387173,134.0,126.0,0.69539666,180.0,93.0,0.80534905,118.0,97.0,0.6350441,176.0,59.0,0.502987,113.0,62.0,0.4447458,166.0,197.0,0.50314105,141.0,197.0,0.74541545,153.0,252.0,0.72170323,133.0,249.0,0.84203863,158.0,288.0,0.8288849,143.0,281.0,0.64377296
guy3_chair078_flipped.jpg,153.0,115.0,0.633049,156.0,110.0,0.6425768,147.0,110.0,0.83032334,158.0,110.0,0.78444433,138.0,111.0,0.7769345,165.0,126.0,0.7776798,127.0,126.0,0.83029974,182.0,95.0,0.69346035,120.0,92.0,0.71331,186.0,70.0,0.57825905,123.0,69.0,0.25675637,156.0,195.0,0.86620855,132.0,197.0,0.8325168,166.0,249.0,0.94828963,146.0,250.0,0.8619533,155.0,279.0,0.74915564,143.0,285.0,0.8536414
guy3_chair079.jpg,146.0,117.0,0.53031963,152.0,111.0,0.74928117,142.0,111.0,0.62478834,162.0,111.0,0.81890905,140.0,111.0,0.7232723,173.0,125.0,0.48544815,134.0,126.0,0.6612263,180.0,94.0,0.85669243,118.0,97.0,0.67029333,178.0,64.0,0.46411413,112.0,61.0,0.44275486,167.0,198.0,0.7709165,143.0,197.0,0.77652586,152.0,252.0,0.59559256,134.0,249.0,0.7719625,159.0,288.0,0.8279917,144.0,281.0,0.8344751
guy3_chair079_flipped.jpg,153.0,116.0,0.71215963,156.0,111.0,0.55824524,147.0,111.0,0.8316264,158.0,111.0,0.8017801,138.0,112.0,0.8105875,165.0,126.0,0.75716746,126.0,126.0,0.75531787,182.0,96.0,0.77937114,120.0,94.0,0.83228123,186.0,69.0,0.76442075,125.0,70.0,0.13321048,155.0,196.0,0.73416114,131.0,197.0,0.8372054,166.0,247.0,0.92646396,146.0,249.0,0.90520555,155.0,278.0,0.7669535,142.0,285.0,0.8348924
guy3_chair080.jpg,144.0,118.0,0.74565566,150.0,113.0,0.7002868,141.0,112.0,0.6389446,161.0,112.0,0.7132484,140.0,112.0,0.551843,172.0,126.0,0.6542899,134.0,128.0,0.6052456,180.0,96.0,0.8196159,117.0,97.0,0.76029134,175.0,67.0,0.38244522,113.0,64.0,0.3102265,168.0,198.0,0.8470986,143.0,198.0,0.80493224,152.0,250.0,0.8943697,132.0,249.0,0.77271116,158.0,286.0,0.8594781,144.0,280.0,0.67112416
guy3_chair080_flipped.jpg,155.0,119.0,0.73275363,158.0,113.0,0.712476,149.0,113.0,0.7768487,159.0,112.0,0.660479,139.0,113.0,0.6304723,166.0,128.0,0.74904776,127.0,127.0,0.67712665,184.0,98.0,0.78137517,120.0,96.0,0.80838126,187.0,68.0,0.8018321,125.0,70.0,0.3962482,155.0,196.0,0.84759307,132.0,198.0,0.85548973,168.0,247.0,0.8804586,147.0,249.0,0.87783337,156.0,279.0,0.856606,142.0,286.0,0.88647676
guy3_chair081.jpg,143.0,120.0,0.6564487,149.0,114.0,0.8171165,139.0,114.0,0.6906867,160.0,114.0,0.75351506,139.0,114.0,0.5186107,171.0,127.0,0.74308264,133.0,129.0,0.6547341,179.0,97.0,0.83320904,114.0,98.0,0.64269614,172.0,65.0,0.31890422,111.0,66.0,0.38778996,168.0,198.0,0.8457234,144.0,198.0,0.82341945,151.0,250.0,0.88776505,131.0,249.0,0.712403,159.0,285.0,0.8612292,145.0,278.0,0.76020384
guy3_chair081_flipped.jpg,156.0,120.0,0.5391349,159.0,114.0,0.68295884,150.0,114.0,0.82286584,159.0,113.0,0.7030095,140.0,114.0,0.7185826,169.0,127.0,0.7352811,127.0,127.0,0.83030266,185.0,98.0,0.7541679,121.0,96.0,0.87514776,188.0,70.0,0.6540382,126.0,72.0,0.2956866,155.0,196.0,0.71304286,131.0,198.0,0.8591744,168.0,247.0,0.8892318,148.0,250.0,0.8586774,156.0,278.0,0.86201555,142.0,283.0,0.85818696
guy3_chair082.jpg,142.0,121.0,0.7293792,147.0,115.0,0.6946217,139.0,115.0,0.5388764,159.0,115.0,0.70350623,139.0,115.0,0.52408284,171.0,129.0,0.82665455,132.0,131.0,0.61207414,178.0,98.0,0.7082962,113.0,99.0,0.81688505,173.0,72.0,0.42386338,111.0,72.0,0.38965103,169.0,198.0,0.8207406,144.0,198.0,0.8027537,151.0,248.0,0.8322078,131.0,248.0,0.7296001,159.0,283.0,0.88669837,144.0,277.0,0.7491342
guy3_chair082_flipped.jpg,158.0,121.0,0.785437,160.0,115.0,0.4626725,152.0,115.0,0.66404754,160.0,115.0,0.5554607,142.0,115.0,0.7723705,168.0,130.0,0.6989353,128.0,128.0,0.8334391,187.0,98.0,0.67085624,123.0,96.0,0.82315457,190.0,70.0,0.6405959,128.0,70.0,0.47396025,155.0,197.0,0.8708986,131.0,199.0,0.8628909,169.0,247.0,0.94632673,147.0,248.0,0.8704126,157.0,278.0,0.82431245,142.0,282.0,0.86001456
guy3_chair083.jpg,141.0,122.0,0.5939645,147.0,116.0,0.909121,139.0,116.0,0.85047644,159.0,116.0,0.893649,139.0,116.0,0.79856986,170.0,130.0,0.87553203,133.0,131.0,0.59496313,177.0,100.0,0.76878715,113.0,99.0,0.7715292,172.0,75.0,0.6193745,109.0,75.0,0.6405143,171.0,197.0,0.8241366,148.0,198.0,0.81787074,151.0,248.0,0.83923215,131.0,247.0,0.8877338,158.0,282.0,0.8325609,143.0,278.0,0.70069814
guy3_chair083_flipped.jpg,159.0,122.0,0.63966495,161.0,116.0,0.5687922,154.0,117.0,0.5622158,160.0,116.0,0.46641397,142.0,117.0,0.4587672,168.0,131.0,0.6857415,129.0,130.0,0.74421537,187.0,100.0,0.61695766,124.0,100.0,0.6781796,191.0,73.0,0.54410076,129.0,72.0,0.28306574,154.0,198.0,0.781621,131.0,200.0,0.87146735,170.0,245.0,0.92071676,149.0,247.0,0.8803294,157.0,277.0,0.8291328,142.0,281.0,0.83816755
guy3_chair084.jpg,140.0,123.0,0.78916574,145.0,118.0,0.5525797,137.0,117.0,0.51033276,158.0,118.0,0.7240423,138.0,117.0,0.5463936,169.0,131.0,0.74843454,132.0,132.0,0.5719163,175.0,101.0,0.7476785,111.0,101.0,0.81349754,170.0,73.0,0.5774016,107.0,74.0,0.19545457,170.0,199.0,0.8188449,146.0,198.0,0.8140238,149.0,247.0,0.89908487,129.0,246.0,0.8131634,158.0,282.0,0.8474822,143.0,277.0,0.7844884
guy3_chair084_flipped.jpg,160.0,124.0,0.7449604,162.0,118.0,0.5834977,155.0,118.0,0.6114093,161.0,118.0,0.62241226,143.0,118.0,0.5888049,168.0,132.0,0.7137915,130.0,130.0,0.59223866,188.0,102.0,0.7180409,124.0,102.0,0.81639993,193.0,72.0,0.5428043,132.0,72.0,0.55730563,154.0,199.0,0.7507608,130.0,201.0,0.85664785,170.0,244.0,0.8699858,149.0,246.0,0.58681047,158.0,276.0,0.8692825,142.0,281.0,0.8106616
guy3_chair085.jpg,138.0,125.0,0.65228975,144.0,119.0,0.86944914,135.0,119.0,0.76152766,156.0,119.0,0.87114644,136.0,118.0,0.70089674,168.0,130.0,0.8497945,131.0,133.0,0.69214153,173.0,101.0,0.77414715,110.0,103.0,0.6957603,168.0,75.0,0.4219432,105.0,72.0,0.1809355,171.0,199.0,0.8518047,147.0,199.0,0.7944851,149.0,247.0,0.85540444,129.0,244.0,0.85356164,158.0,282.0,0.7680633,142.0,275.0,0.74737215
guy3_chair085_flipped.jpg,161.0,124.0,0.52947086,163.0,118.0,0.6209208,155.0,119.0,0.7332258,162.0,118.0,0.41844517,144.0,119.0,0.76555794,168.0,134.0,0.79865456,130.0,131.0,0.6050183,190.0,101.0,0.5516515,127.0,103.0,0.65290195,194.0,74.0,0.34886256,133.0,74.0,0.15657103,153.0,199.0,0.77817386,129.0,201.0,0.8692362,171.0,243.0,0.9339607,149.0,244.0,0.72988105,158.0,276.0,0.83484256,142.0,280.0,0.8357829
guy3_chair086.jpg,137.0,126.0,0.7429733,142.0,120.0,0.79556984,135.0,120.0,0.7732444,155.0,120.0,0.76805604,137.0,119.0,0.6884493,167.0,132.0,0.69343984,132.0,135.0,0.6263359,171.0,102.0,0.72511476,109.0,101.0,0.8870548,166.0,76.0,0.66251105,105.0,76.0,0.40852073,172.0,199.0,0.894564,150.0,199.0,0.87958175,149.0,245.0,0.8245102,129.0,244.0,0.9286771,157.0,279.0,0.74020195,143.0,273.0,0.7149734
guy3_chair086_flipped.jpg,163.0,125.0,0.7662144,164.0,119.0,0.45495063,157.0,120.0,0.61428696,161.0,119.0,0.5392846,145.0,120.0,0.59952784,168.0,135.0,0.7470797,131.0,132.0,0.80442226,191.0,102.0,0.6670751,128.0,105.0,0.75851315,196.0,78.0,0.5968134,134.0,77.0,0.3545453,152.0,198.0,0.78885704,128.0,199.0,0.8514939,172.0,241.0,0.9125604,149.0,244.0,0.8125744,156.0,274.0,0.83727646,142.0,279.0,0.8686236
guy3_chair087.jpg,135.0,126.0,0.79696393,141.0,121.0,0.75630915,133.0,120.0,0.6418997,153.0,120.0,0.7817578,136.0,118.0,0.5665707,166.0,131.0,0.8588418,131.0,133.0,0.6921286,170.0,102.0,0.8319521,109.0,102.0,0.7648058,164.0,78.0,0.45779574,103.0,78.0,0.57950485,173.0,200.0,0.88564265,152.0,199.0,0.8453955,148.0,243.0,0.91836756,128.0,240.0,0.8563049,158.0,278.0,0.8662681,144.0,273.0,0.721802
guy3_chair087_flipped.jpg,164.0,126.0,0.7637297,166.0,120.0,0.564745,158.0,120.0,0.47990477,163.0,119.0,0.40349787,147.0,120.0,0.7660085,169.0,135.0,0.81676286,132.0,133.0,0.8486854,193.0,102.0,0.77461743,130.0,104.0,0.81693995,199.0,79.0,0.28014454,136.0,78.0,0.18347344,151.0,198.0,0.812045,127.0,199.0,0.8457463,173.0,237.0,0.93111205,150.0,242.0,0.9370214,156.0,274.0,0.74347824,142.0,279.0,0.8770094
guy3_chair088.jpg,134.0,127.0,0.74367887,140.0,122.0,0.79055417,132.0,121.0,0.7111501,153.0,121.0,0.6653408,135.0,120.0,0.5582845,165.0,133.0,0.8159373,129.0,135.0,0.6505857,169.0,105.0,0.6967101,108.0,105.0,0.7377553,163.0,80.0,0.30404478,102.0,81.0,0.4851843,173.0,199.0,0.8755735,151.0,198.0,0.7509484,149.0,242.0,0.87752664,128.0,239.0,0.91277516,157.0,276.0,0.8302757,143.0,271.0,0.7792516
guy3_chair088_flipped.jpg,164.0,126.0,0.69576347,166.0,120.0,0.6832285,159.0,120.0,0.75611734,164.0,119.0,0.673933,147.0,120.0,0.7373699,169.0,134.0,0.61968404,133.0,132.0,0.8346519,193.0,102.0,0.6698743,131.0,103.0,0.72089154,198.0,80.0,0.53106207,138.0,79.0,0.21917704,151.0,196.0,0.77178437,127.0,198.0,0.8580918,172.0,236.0,0.8856498,151.0,241.0,0.89817476,157.0,270.0,0.62563235,142.0,274.0,0.8676809
guy3_chair089.jpg,134.0,126.0,0.7825341,139.0,121.0,0.67736876,132.0,121.0,0.61914074,152.0,121.0,0.8059125,135.0,120.0,0.6311951,166.0,132.0,0.758748,129.0,134.0,0.7269299,167.0,102.0,0.6172719,108.0,104.0,0.56543136,160.0,79.0,0.23192921,101.0,79.0,0.2592253,175.0,199.0,0.8977807,151.0,198.0,0.82673347,149.0,239.0,0.66301405,127.0,236.0,0.8760634,158.0,276.0,0.854483,143.0,272.0,0.7510638
guy3_chair089_flipped.jpg,166.0,127.0,0.70112616,168.0,121.0,0.78826004,160.0,121.0,0.8489856,164.0,121.0,0.63928676,148.0,121.0,0.8337954,169.0,135.0,0.70018494,134.0,132.0,0.8158232,194.0,102.0,0.799279,133.0,104.0,0.74480927,198.0,75.0,0.52343714,141.0,77.0,0.42045704,151.0,196.0,0.7897441,126.0,198.0,0.85803026,174.0,234.0,0.88794756,151.0,239.0,0.92240167,157.0,271.0,0.61015916,143.0,274.0,0.8386375
guy3_chair090.jpg,132.0,127.0,0.6960551,138.0,122.0,0.8677922,130.0,121.0,0.80820215,151.0,122.0,0.84947515,134.0,121.0,0.70884657,164.0,134.0,0.8578255,128.0,135.0,0.7544442,165.0,102.0,0.790282,107.0,105.0,0.7834922,156.0,78.0,0.49234647,99.0,79.0,0.35723484,175.0,197.0,0.85642076,151.0,196.0,0.8840176,147.0,238.0,0.8071003,126.0,234.0,0.91727734,157.0,275.0,0.8768892,143.0,271.0,0.8040042
guy3_chair090_flipped.jpg,166.0,127.0,0.7395578,168.0,121.0,0.68276864,161.0,121.0,0.73299754,165.0,120.0,0.6148659,149.0,121.0,0.81724775,169.0,136.0,0.79090285,134.0,132.0,0.87891924,195.0,102.0,0.7519448,135.0,102.0,0.74667084,202.0,78.0,0.6842607,142.0,78.0,0.44875228,149.0,196.0,0.75988746,125.0,198.0,0.8633624,174.0,233.0,0.81378603,152.0,239.0,0.93862665,156.0,270.0,0.7285354,144.0,274.0,0.8488636
guy3_chair091.jpg,132.0,126.0,0.735035,137.0,122.0,0.6894478,130.0,121.0,0.61594677,151.0,121.0,0.8001659,134.0,120.0,0.5171454,164.0,133.0,0.77603304,129.0,133.0,0.543614,162.0,102.0,0.47110027,108.0,104.0,0.51026994,155.0,79.0,0.3127662,99.0,80.0,0.39610776,176.0,197.0,0.8707473,151.0,195.0,0.75721073,147.0,236.0,0.91768265,126.0,230.0,0.8698087,157.0,274.0,0.81317556,142.0,270.0,0.73412097
guy3_chair091_flipped.jpg,167.0,126.0,0.5752826,170.0,120.0,0.79990625,162.0,121.0,0.88030136,168.0,120.0,0.5718387,149.0,120.0,0.77492785,171.0,134.0,0.6894653,135.0,131.0,0.8453331,196.0,102.0,0.71508265,138.0,101.0,0.5036481,204.0,77.0,0.683154,146.0,77.0,0.59882593,149.0,194.0,0.76181734,125.0,196.0,0.87775564,175.0,230.0,0.91457605,152.0,236.0,0.87971115,158.0,268.0,0.6197054,144.0,271.0,0.7831131
guy3_chair092.jpg,131.0,126.0,0.6317892,137.0,121.0,0.71695006,129.0,120.0,0.6441532,150.0,121.0,0.8285334,133.0,120.0,0.54877526,164.0,133.0,0.6998604,128.0,133.0,0.5575595,160.0,100.0,0.530588,106.0,105.0,0.5662048,152.0,77.0,0.42551553,98.0,77.0,0.57690746,176.0,196.0,0.83303237,151.0,194.0,0.849071,147.0,234.0,0.7949973,126.0,229.0,0.7508968,157.0,273.0,0.7848271,142.0,268.0,0.79868317
guy3_chair092_flipped.jpg,168.0,126.0,0.5641234,171.0,120.0,0.7212032,163.0,120.0,0.8221259,168.0,119.0,0.6376228,150.0,120.0,0.8426672,171.0,133.0,0.7614881,136.0,130.0,0.82175595,196.0,103.0,0.7861651,140.0,100.0,0.4614603,204.0,73.0,0.6288555,149.0,76.0,0.68139565,149.0,193.0,0.72025484,126.0,197.0,0.9046881,175.0,228.0,0.8849644,153.0,234.0,0.7109966,157.0,266.0,0.59195924,146.0,271.0,0.694741
guy3_chair093.jpg,130.0,125.0,0.68011904,136.0,120.0,0.81365186,129.0,118.0,0.62542236,150.0,119.0,0.75002193,133.0,117.0,0.7193434,163.0,132.0,0.76438653,128.0,130.0,0.58706033,159.0,103.0,0.6550082,106.0,105.0,0.78556216,150.0,78.0,0.63498694,95.0,78.0,0.6907667,178.0,196.0,0.79953206,154.0,195.0,0.8428368,147.0,232.0,0.8458805,125.0,227.0,0.8768935,156.0,270.0,0.84198046,142.0,266.0,0.81335115
guy3_chair093_flipped.jpg,168.0,125.0,0.72137153,171.0,119.0,0.75773895,163.0,119.0,0.7482069,168.0,118.0,0.6682665,150.0,118.0,0.83744955,171.0,130.0,0.66594625,136.0,129.0,0.83943546,196.0,100.0,0.7973205,141.0,101.0,0.46789634,206.0,75.0,0.74269474,151.0,75.0,0.62194693,148.0,193.0,0.7267421,124.0,195.0,0.88202167,175.0,225.0,0.9305632,154.0,232.0,0.81335104,156.0,265.0,0.69732034,144.0,267.0,0.6544912
guy3_chair094.jpg,130.0,124.0,0.65351593,135.0,119.0,0.64557433,128.0,118.0,0.57816124,149.0,118.0,0.8383737,131.0,117.0,0.6023369,163.0,130.0,0.7103181,126.0,129.0,0.65896916,158.0,101.0,0.5378965,106.0,106.0,0.5203083,147.0,76.0,0.588078,92.0,74.0,0.27931112,176.0,195.0,0.8518268,152.0,193.0,0.69695026,147.0,228.0,0.65195376,125.0,224.0,0.7968245,157.0,269.0,0.8253798,142.0,265.0,0.72634
guy3_chair094_flipped.jpg,170.0,124.0,0.63123393,172.0,118.0,0.8435074,164.0,119.0,0.89431345,168.0,117.0,0.6213202,151.0,119.0,0.7019645,171.0,130.0,0.6325213,136.0,128.0,0.9153624,197.0,100.0,0.7153851,143.0,102.0,0.6296684,207.0,73.0,0.51117945,153.0,74.0,0.72036546,147.0,192.0,0.7516695,124.0,195.0,0.8922126,175.0,224.0,0.7411265,154.0,230.0,0.8870884,155.0,264.0,0.62879276,145.0,267.0,0.70064116
guy3_chair095.jpg,129.0,124.0,0.7223176,134.0,118.0,0.8000956,127.0,117.0,0.7038557,148.0,117.0,0.80878735,131.0,116.0,0.60816926,163.0,129.0,0.7773802,127.0,129.0,0.50419027,155.0,98.0,0.46591675,102.0,105.0,0.6540791,144.0,75.0,0.4817851,91.0,76.0,0.5090897,177.0,196.0,0.8825379,155.0,194.0,0.66274524,145.0,228.0,0.73153,125.0,222.0,0.8608731,157.0,266.0,0.8070897,141.0,263.0,0.8091972
guy3_chair095_flipped.jpg,171.0,123.0,0.51372117,174.0,117.0,0.80864984,165.0,117.0,0.7943944,171.0,117.0,0.6712379,152.0,116.0,0.84612656,172.0,129.0,0.67172843,137.0,128.0,0.88608444,198.0,102.0,0.7893862,144.0,104.0,0.66358656,209.0,75.0,0.56231606,156.0,74.0,0.73184586,146.0,191.0,0.7583604,123.0,194.0,0.90683055,176.0,221.0,0.867176,155.0,229.0,0.86042196,157.0,261.0,0.561057,145.0,266.0,0.6661227
guy3_chair096.jpg,128.0,122.0,0.79147506,134.0,116.0,0.83005506,126.0,115.0,0.7291134,149.0,115.0,0.84396636,131.0,114.0,0.75310826,163.0,128.0,0.7809136,129.0,128.0,0.472642,154.0,95.0,0.69702655,103.0,103.0,0.7390456,144.0,76.0,0.5538841,91.0,75.0,0.5047307,179.0,194.0,0.8895583,158.0,193.0,0.79841447,146.0,226.0,0.8788044,126.0,221.0,0.87491363,157.0,263.0,0.8809254,142.0,260.0,0.7789135
guy3_chair096_flipped.jpg,171.0,121.0,0.715398,174.0,115.0,0.8223778,165.0,115.0,0.83529377,171.0,115.0,0.6920699,152.0,115.0,0.8664341,171.0,128.0,0.7244357,137.0,126.0,0.8836506,197.0,102.0,0.60055614,146.0,100.0,0.5021616,210.0,73.0,0.7108437,157.0,73.0,0.72238827,145.0,190.0,0.864628,123.0,192.0,0.89391863,175.0,219.0,0.8666191,155.0,226.0,0.6762574,157.0,259.0,0.5708045,144.0,264.0,0.6841032
guy3_chair097.jpg,128.0,121.0,0.49898195,134.0,115.0,0.8288202,126.0,114.0,0.7552166,148.0,113.0,0.71885896,129.0,114.0,0.49768892,161.0,127.0,0.7123271,125.0,126.0,0.6336171,154.0,100.0,0.44062376,103.0,102.0,0.5802796,140.0,70.0,0.44380406,88.0,76.0,0.515763,177.0,192.0,0.76598406,155.0,189.0,0.76473564,145.0,224.0,0.7857061,125.0,219.0,0.6987195,156.0,263.0,0.8506369,141.0,258.0,0.7003791
guy3_chair097_flipped.jpg,172.0,121.0,0.67507225,175.0,115.0,0.8454952,167.0,115.0,0.85800976,172.0,114.0,0.7180441,153.0,113.0,0.64702034,172.0,127.0,0.71521384,140.0,124.0,0.9282055,199.0,104.0,0.55249983,147.0,102.0,0.3190915,212.0,75.0,0.6621057,160.0,71.0,0.6530947,145.0,189.0,0.73319155,123.0,192.0,0.89960563,176.0,218.0,0.86101437,157.0,225.0,0.68958646,157.0,258.0,0.7045469,145.0,263.0,0.73330027
guy3_chair098.jpg,127.0,120.0,0.76801217,132.0,114.0,0.773769,125.0,114.0,0.76814866,146.0,112.0,0.6268882,129.0,113.0,0.69398445,160.0,125.0,0.8338173,127.0,126.0,0.616953,150.0,95.0,0.5102827,101.0,102.0,0.8589582,136.0,69.0,0.23588619,86.0,74.0,0.6053556,179.0,193.0,0.85913885,159.0,191.0,0.83844805,143.0,223.0,0.8211789,125.0,219.0,0.73514706,155.0,259.0,0.82886636,141.0,256.0,0.8136266
guy3_chair098_flipped.jpg,172.0,119.0,0.70719266,175.0,112.0,0.7995358,166.0,113.0,0.8828157,171.0,111.0,0.6292572,153.0,111.0,0.7237265,172.0,124.0,0.8422311,139.0,123.0,0.9364289,200.0,100.0,0.72663736,150.0,91.0,0.5103017,214.0,70.0,0.5972343,162.0,70.0,0.4451016,143.0,187.0,0.7970042,122.0,190.0,0.8922671,176.0,216.0,0.89738303,157.0,222.0,0.7507254,156.0,256.0,0.633405,144.0,260.0,0.8216659
guy3_chair099.jpg,126.0,117.0,0.7784556,133.0,111.0,0.78670627,124.0,111.0,0.79700506,147.0,110.0,0.85875523,130.0,110.0,0.6709682,160.0,124.0,0.8833222,128.0,125.0,0.48159137,150.0,94.0,0.5860859,101.0,101.0,0.7948913,137.0,71.0,0.4633492,87.0,73.0,0.5641729,180.0,192.0,0.884377,159.0,189.0,0.7685386,142.0,219.0,0.84086215,125.0,216.0,0.6941131,157.0,259.0,0.9056149,142.0,255.0,0.77902985
guy3_chair099_flipped.jpg,172.0,117.0,0.7018254,175.0,111.0,0.7427103,167.0,111.0,0.83664894,171.0,110.0,0.6067582,153.0,110.0,0.68018675,172.0,123.0,0.80797565,139.0,122.0,0.9278965,200.0,100.0,0.65520024,151.0,94.0,0.41736877,214.0,71.0,0.6306362,163.0,69.0,0.5914805,143.0,187.0,0.7765668,122.0,189.0,0.89021444,176.0,214.0,0.8197103,157.0,220.0,0.87649566,157.0,254.0,0.5855577,145.0,259.0,0.8366591
guy3_chair100.jpg,126.0,114.0,0.5756951,131.0,109.0,0.60732615,123.0,109.0,0.3084904,144.0,108.0,0.73995954,127.0,109.0,0.22420591,156.0,123.0,0.5856276,127.0,124.0,0.50500494,149.0,92.0,0.27507463,101.0,98.0,0.61133844,135.0,67.0,0.31547868,86.0,71.0,0.4980871,175.0,188.0,0.7734921,155.0,186.0,0.5422322,144.0,218.0,0.81819457,125.0,212.0,0.59895855,155.0,258.0,0.53881437,141.0,254.0,0.48330167
guy3_chair100_flipped.jpg,173.0,115.0,0.74958724,175.0,109.0,0.69902,168.0,109.0,0.76058686,171.0,109.0,0.7099668,155.0,108.0,0.85551757,172.0,121.0,0.6921731,140.0,120.0,0.73805654,198.0,100.0,0.7026055,152.0,96.0,0.4818143,215.0,70.0,0.5304795,164.0,66.0,0.7357509,143.0,185.0,0.73452497,122.0,188.0,0.76296353,176.0,213.0,0.91114783,158.0,219.0,0.9012722,157.0,253.0,0.6652694,145.0,257.0,0.82912266
guy3_chair101.jpg,126.0,113.0,0.7807707,131.0,107.0,0.60734165,125.0,107.0,0.6999645,144.0,106.0,0.7776321,130.0,107.0,0.70918155,159.0,121.0,0.8731766,130.0,123.0,0.5010758,149.0,92.0,0.791447,103.0,98.0,0.65877366,133.0,63.0,0.4980402,85.0,66.0,0.618926,180.0,189.0,0.89373595,162.0,187.0,0.7511716,144.0,217.0,0.7219143,125.0,213.0,0.7379375,156.0,255.0,0.8833239,143.0,253.0,0.5601974
guy3_chair101_flipped.jpg,173.0,113.0,0.75931174,175.0,107.0,0.6914249,168.0,107.0,0.78285325,170.0,106.0,0.6571098,155.0,106.0,0.5220509,171.0,120.0,0.64272565,141.0,118.0,0.9266161,198.0,97.0,0.47420618,154.0,89.0,0.49714223,213.0,69.0,0.6527455,166.0,64.0,0.5999141,142.0,184.0,0.7660123,122.0,186.0,0.7701998,176.0,210.0,0.89245987,158.0,216.0,0.88929796,157.0,253.0,0.63858557,145.0,257.0,0.8747714
guy3_chair102.jpg,126.0,111.0,0.67326844,132.0,106.0,0.72369045,124.0,106.0,0.70287955,145.0,105.0,0.71930397,128.0,105.0,0.54314667,158.0,117.0,0.60005176,126.0,119.0,0.54965675,145.0,84.0,0.4411654,102.0,95.0,0.6057855,135.0,67.0,0.2766533,86.0,66.0,0.43806285,178.0,185.0,0.872733,157.0,183.0,0.6812482,143.0,214.0,0.83275133,124.0,208.0,0.58952034,157.0,255.0,0.80142784,142.0,251.0,0.72051835
guy3_chair102_flipped.jpg,174.0,111.0,0.7633455,175.0,106.0,0.70164585,168.0,106.0,0.78836215,170.0,104.0,0.44479105,156.0,104.0,0.7140923,171.0,119.0,0.67325443,141.0,115.0,0.89379805,199.0,95.0,0.64888215,158.0,80.0,0.609814,216.0,65.0,0.5461884,166.0,62.0,0.47246552,142.0,182.0,0.7942802,120.0,184.0,0.730158,177.0,208.0,0.7623698,158.0,215.0,0.84325576,157.0,251.0,0.72536504,146.0,254.0,0.83073866
guy3_chair103.jpg,126.0,109.0,0.74675333,132.0,103.0,0.7551842,124.0,104.0,0.7252495,145.0,102.0,0.7284112,129.0,102.0,0.54131395,158.0,116.0,0.5383186,127.0,117.0,0.6139554,146.0,84.0,0.5813428,103.0,94.0,0.6174501,132.0,63.0,0.34694478,86.0,63.0,0.55264384,180.0,185.0,0.84792334,159.0,182.0,0.6949016,142.0,212.0,0.80172384,124.0,207.0,0.65542877,157.0,253.0,0.91134554,142.0,249.0,0.6695421
guy3_chair103_flipped.jpg,174.0,110.0,0.73099184,175.0,104.0,0.7307043,169.0,104.0,0.8117404,169.0,103.0,0.5581217,156.0,102.0,0.6391607,171.0,117.0,0.6786243,141.0,115.0,0.9335588,197.0,94.0,0.5637562,156.0,88.0,0.5855493,215.0,62.0,0.6567423,166.0,61.0,0.67133325,141.0,180.0,0.6610179,120.0,183.0,0.7161714,176.0,206.0,0.807781,159.0,212.0,0.86175716,156.0,249.0,0.63353294,146.0,252.0,0.8678953
guy3_chair104.jpg,126.0,108.0,0.63980186,131.0,102.0,0.71732485,124.0,102.0,0.7174316,144.0,100.0,0.78961253,130.0,102.0,0.5983691,158.0,115.0,0.7686399,130.0,116.0,0.49069408,147.0,87.0,0.5864124,102.0,92.0,0.56198895,131.0,58.0,0.5701885,86.0,61.0,0.5607171,181.0,183.0,0.85372365,161.0,182.0,0.7747822,143.0,210.0,0.8250523,124.0,207.0,0.6858711,156.0,249.0,0.8756658,142.0,247.0,0.845975
guy3_chair104_flipped.jpg,174.0,108.0,0.68915844,175.0,102.0,0.8351344,168.0,103.0,0.85495454,169.0,101.0,0.6516817,156.0,101.0,0.795284,170.0,115.0,0.6801909,141.0,112.0,0.9356164,196.0,94.0,0.5262965,155.0,87.0,0.63364625,213.0,64.0,0.63389105,166.0,59.0,0.8706231,140.0,179.0,0.8088006,120.0,181.0,0.8017889,175.0,205.0,0.83490556,158.0,211.0,0.7968,157.0,247.0,0.8159187,144.0,251.0,0.7207976
guy3_chair105.jpg,126.0,106.0,0.8258579,130.0,101.0,0.6522411,125.0,100.0,0.7191646,143.0,100.0,0.75315344,131.0,100.0,0.698717,158.0,113.0,0.7710424,131.0,116.0,0.4977669,146.0,83.0,0.7339236,104.0,92.0,0.77949405,132.0,58.0,0.72962993,87.0,62.0,0.7000706,181.0,183.0,0.8111615,163.0,180.0,0.6991372,143.0,209.0,0.78188264,125.0,206.0,0.7686964,157.0,248.0,0.87947094,142.0,246.0,0.85890234
guy3_chair105_flipped.jpg,173.0,107.0,0.48736393,175.0,101.0,0.85089606,168.0,101.0,0.80880916,169.0,100.0,0.6072275,156.0,99.0,0.79179084,169.0,116.0,0.5717463,141.0,113.0,0.7940868,196.0,94.0,0.6593966,154.0,85.0,0.6471235,212.0,65.0,0.7799711,166.0,61.0,0.84201384,139.0,179.0,0.7060367,119.0,181.0,0.78331554,176.0,204.0,0.8258251,159.0,209.0,0.85729,156.0,247.0,0.78991497,144.0,250.0,0.7184964
guy3_chair106.jpg,127.0,104.0,0.6766323,132.0,99.0,0.6675333,125.0,99.0,0.7757468,144.0,98.0,0.6322168,130.0,98.0,0.78898346,158.0,111.0,0.5493111,131.0,114.0,0.58777237,145.0,81.0,0.6336378,105.0,91.0,0.71473247,129.0,55.0,0.36636966,90.0,63.0,0.50471586,181.0,181.0,0.85004544,163.0,178.0,0.7684046,142.0,206.0,0.81358933,126.0,202.0,0.82783175,156.0,245.0,0.6623005,142.0,244.0,0.91176033
guy3_chair106_flipped.jpg,174.0,105.0,0.5875014,174.0,99.0,0.85995305,169.0,99.0,0.8006601,167.0,99.0,0.6748604,156.0,98.0,0.56473136,169.0,114.0,0.5721048,141.0,110.0,0.71372634,195.0,93.0,0.6321896,156.0,83.0,0.5910295,210.0,64.0,0.6731574,168.0,56.0,0.60486436,138.0,177.0,0.642944,118.0,179.0,0.7977803,175.0,201.0,0.86893,159.0,206.0,0.816157,156.0,246.0,0.76481247,143.0,248.0,0.7324002
guy3_chair107.jpg,127.0,103.0,0.7478442,131.0,98.0,0.7561306,125.0,98.0,0.56484365,143.0,97.0,0.8238784,130.0,97.0,0.4911432,156.0,108.0,0.7005252,129.0,111.0,0.51797223,143.0,77.0,0.58188546,106.0,91.0,0.61241096,128.0,53.0,0.38907197,87.0,59.0,0.4474433,182.0,179.0,0.70422006,161.0,177.0,0.6326673,142.0,204.0,0.7836335,126.0,202.0,0.80510795,156.0,244.0,0.6993947,143.0,243.0,0.90899
guy3_chair107_flipped.jpg,173.0,104.0,0.79582,174.0,98.0,0.7569808,168.0,97.0,0.7100901,166.0,97.0,0.58989906,156.0,97.0,0.66036886,168.0,111.0,0.6794693,140.0,109.0,0.93242663,194.0,92.0,0.68031883,157.0,81.0,0.6441461,210.0,60.0,0.64299893,167.0,56.0,0.68023235,137.0,176.0,0.5792825,117.0,178.0,0.7547947,174.0,200.0,0.86219156,159.0,205.0,0.64633584,155.0,244.0,0.81003666,143.0,247.0,0.7950232
guy3_chair108.jpg,126.0,101.0,0.6602735,131.0,96.0,0.8721627,125.0,95.0,0.70468473,144.0,95.0,0.8501401,132.0,94.0,0.8180036,157.0,109.0,0.74760425,133.0,109.0,0.54469883,143.0,77.0,0.6684064,106.0,89.0,0.82792425,127.0,50.0,0.48062992,87.0,58.0,0.59535325,182.0,180.0,0.8488778,165.0,177.0,0.7595854,141.0,203.0,0.87978446,126.0,201.0,0.8031846,156.0,243.0,0.8412914,144.0,240.0,0.68850553
guy3_chair108_flipped.jpg,173.0,101.0,0.64153457,174.0,96.0,0.8447095,168.0,95.0,0.800431,167.0,95.0,0.6013569,156.0,94.0,0.71502686,168.0,109.0,0.69816816,141.0,106.0,0.7212037,194.0,91.0,0.71419084,157.0,79.0,0.50101495,212.0,60.0,0.6862543,171.0,51.0,0.6228281,136.0,174.0,0.63965917,117.0,176.0,0.81005454,174.0,199.0,0.8262154,158.0,203.0,0.6160899,155.0,243.0,0.74022985,142.0,246.0,0.76459664
guy3_chair109.jpg,127.0,100.0,0.7545501,131.0,95.0,0.7977165,126.0,94.0,0.74424523,144.0,94.0,0.7118339,133.0,94.0,0.6694019,158.0,107.0,0.7954135,133.0,110.0,0.65212476,144.0,77.0,0.58726746,108.0,88.0,0.64563096,127.0,51.0,0.65977925,89.0,58.0,0.64489067,183.0,177.0,0.71159166,166.0,175.0,0.7025435,143.0,201.0,0.7706777,127.0,198.0,0.8316383,157.0,241.0,0.80583656,145.0,238.0,0.88676274
guy3_chair109_flipped.jpg,173.0,101.0,0.75524986,173.0,95.0,0.75371253,168.0,95.0,0.9059899,166.0,94.0,0.6262958,156.0,93.0,0.7634548,168.0,108.0,0.77225673,140.0,106.0,0.7807975,193.0,90.0,0.7443383,154.0,85.0,0.3251542,210.0,60.0,0.8342881,170.0,52.0,0.7945578,135.0,173.0,0.70019007,116.0,175.0,0.83137083,174.0,197.0,0.71558267,158.0,201.0,0.5421884,154.0,241.0,0.8251828,143.0,244.0,0.8403435
guy3_chair110.jpg,127.0,99.0,0.7566073,132.0,94.0,0.73922336,126.0,93.0,0.63036907,144.0,94.0,0.7171532,133.0,93.0,0.71940905,157.0,105.0,0.59956324,133.0,108.0,0.59692836,145.0,77.0,0.5851074,108.0,87.0,0.5259333,127.0,50.0,0.59335387,89.0,58.0,0.6076505,182.0,177.0,0.75736165,166.0,174.0,0.7314906,142.0,200.0,0.84556437,127.0,198.0,0.7312695,157.0,239.0,0.8272592,144.0,237.0,0.7969798
guy3_chair110_flipped.jpg,171.0,100.0,0.43451554,173.0,95.0,0.56983966,167.0,94.0,0.41731378,168.0,94.0,0.25448388,156.0,92.0,0.5345188,167.0,107.0,0.6451916,142.0,104.0,0.66722715,192.0,90.0,0.32024562,156.0,81.0,0.19263843,210.0,57.0,0.61863023,169.0,51.0,0.5859914,135.0,173.0,0.5753069,117.0,175.0,0.7185557,172.0,197.0,0.8135615,158.0,202.0,0.6934217,153.0,240.0,0.57225853,141.0,244.0,0.7141621
guy3_chair111.jpg,127.0,98.0,0.6851428,132.0,93.0,0.7428566,126.0,93.0,0.6864126,145.0,93.0,0.7251464,133.0,93.0,0.4857298,157.0,104.0,0.6058061,133.0,109.0,0.4877141,146.0,79.0,0.4435932,107.0,86.0,0.31761837,130.0,49.0,0.36775544,91.0,58.0,0.38875774,182.0,174.0,0.7064426,164.0,171.0,0.7959082,143.0,198.0,0.7819996,127.0,195.0,0.687623,157.0,239.0,0.7883737,144.0,236.0,0.82709837
guy3_chair111_flipped.jpg,171.0,98.0,0.6370405,172.0,92.0,0.57060975,167.0,92.0,0.8292397,167.0,91.0,0.57543355,155.0,90.0,0.73896575,166.0,106.0,0.7374274,142.0,102.0,0.8268132,192.0,88.0,0.39107433,154.0,78.0,0.48853207,209.0,57.0,0.66840327,170.0,50.0,0.81229556,134.0,171.0,0.5900595,115.0,173.0,0.8120683,173.0,194.0,0.85900867,158.0,198.0,0.67727333,153.0,238.0,0.7588949,142.0,242.0,0.7865131
guy3_chair112.jpg,128.0,97.0,0.7350944,132.0,91.0,0.7684518,127.0,92.0,0.83146256,145.0,90.0,0.6563685,135.0,92.0,0.5723013,159.0,103.0,0.77985716,136.0,107.0,0.6711107,145.0,77.0,0.62990725,110.0,87.0,0.41138232,129.0,48.0,0.5248385,95.0,58.0,0.3801148,184.0,174.0,0.82335675,167.0,172.0,0.62509644,144.0,197.0,0.75497794,129.0,195.0,0.6612961,159.0,237.0,0.71067494,146.0,235.0,0.8706948
guy3_chair112_flipped.jpg,171.0,97.0,0.572204,172.0,92.0,0.651194,167.0,91.0,0.70967174,168.0,92.0,0.35704923,155.0,90.0,0.60742384,166.0,105.0,0.48713884,141.0,103.0,0.53662974,192.0,84.0,0.3090235,156.0,78.0,0.26798493,209.0,55.0,0.6139672,169.0,50.0,0.50946647,133.0,169.0,0.5796613,116.0,172.0,0.6236243,171.0,194.0,0.7902566,157.0,197.0,0.5140228,152.0,238.0,0.61476684,140.0,242.0,0.6912862
guy3_chair113.jpg,129.0,96.0,0.6450672,134.0,90.0,0.74478185,127.0,90.0,0.55859476,145.0,89.0,0.44857523,133.0,90.0,0.39808336,158.0,103.0,0.7422811,133.0,105.0,0.63982034,144.0,73.0,0.63177854,107.0,83.0,0.35785484,128.0,50.0,0.43441343,92.0,54.0,0.5067846,186.0,176.0,0.870414,168.0,174.0,0.74687105,145.0,197.0,0.8009627,129.0,194.0,0.4974614,161.0,238.0,0.7742121,147.0,236.0,0.7026493
guy3_chair113_flipped.jpg,170.0,96.0,0.6510843,172.0,91.0,0.46619177,167.0,91.0,0.73327905,168.0,91.0,0.22544727,155.0,88.0,0.61054814,163.0,106.0,0.5634508,141.0,103.0,0.48349732,190.0,84.0,0.45718724,155.0,74.0,0.32435924,207.0,56.0,0.5574199,169.0,49.0,0.52116024,133.0,168.0,0.5647737,115.0,171.0,0.7625766,170.0,192.0,0.7602401,156.0,196.0,0.5825058,151.0,236.0,0.54642165,139.0,239.0,0.7260737
guy3_chair114.jpg,129.0,96.0,0.6324392,134.0,91.0,0.6504436,129.0,90.0,0.5253566,147.0,90.0,0.65480673,137.0,90.0,0.48927942,161.0,103.0,0.7366588,137.0,105.0,0.61142886,147.0,75.0,0.5807628,110.0,85.0,0.48406777,129.0,48.0,0.58038867,95.0,58.0,0.28133056,187.0,174.0,0.89714146,169.0,172.0,0.76530665,145.0,195.0,0.80704397,129.0,193.0,0.6445375,160.0,236.0,0.8099851,147.0,234.0,0.8943683
guy3_chair114_flipped.jpg,170.0,96.0,0.61290914,171.0,91.0,0.66713405,167.0,91.0,0.7050738,167.0,91.0,0.28026012,155.0,89.0,0.43123516,162.0,105.0,0.4976042,140.0,103.0,0.5868291,189.0,86.0,0.3308831,156.0,73.0,0.32245427,207.0,55.0,0.43471506,169.0,49.0,0.5561679,131.0,168.0,0.4758753,114.0,171.0,0.6945644,169.0,191.0,0.8314585,155.0,195.0,0.4710979,151.0,236.0,0.5610994,139.0,239.0,0.6242269
guy3_chair115.jpg,131.0,95.0,0.6672623,135.0,89.0,0.49031183,129.0,90.0,0.49400282,148.0,90.0,0.4594837,136.0,91.0,0.27429014,160.0,103.0,0.53510624,137.0,105.0,0.39582536,148.0,75.0,0.51488566,113.0,85.0,0.2551375,130.0,47.0,0.57137823,95.0,57.0,0.2898535,186.0,172.0,0.84699786,168.0,169.0,0.53380215,146.0,193.0,0.72181076,131.0,192.0,0.61768067,161.0,236.0,0.7547729,148.0,235.0,0.78044945
guy3_chair115_flipped.jpg,169.0,96.0,0.6971286,170.0,91.0,0.6981274,166.0,90.0,0.81645936,162.0,89.0,0.32797924,153.0,88.0,0.5157335,160.0,103.0,0.51389915,139.0,101.0,0.6706165,186.0,85.0,0.31516144,153.0,75.0,0.4148756,205.0,55.0,0.54423755,169.0,47.0,0.50456244,130.0,166.0,0.44986063,112.0,170.0,0.77674043,168.0,191.0,0.8680675,154.0,195.0,0.5727293,150.0,235.0,0.6392518,138.0,238.0,0.60627484
guy3_chair116.jpg,131.0,94.0,0.5848415,136.0,89.0,0.7728118,130.0,89.0,0.56863153,149.0,88.0,0.7287879,137.0,89.0,0.4914027,161.0,101.0,0.5541859,136.0,101.0,0.5485274,146.0,74.0,0.48142773,112.0,82.0,0.5043768,130.0,46.0,0.4581134,95.0,50.0,0.52206063,189.0,172.0,0.8028532,171.0,171.0,0.82168,146.0,193.0,0.7899513,132.0,191.0,0.6434999,162.0,235.0,0.7776382,149.0,232.0,0.7900896
guy3_chair116_flipped.jpg,168.0,97.0,0.5442878,170.0,91.0,0.7692224,165.0,90.0,0.5139252,165.0,91.0,0.27299112,152.0,87.0,0.31375834,161.0,105.0,0.46416825,138.0,103.0,0.60455734,187.0,83.0,0.50357175,154.0,73.0,0.37318057,205.0,53.0,0.48614344,168.0,47.0,0.42011872,130.0,167.0,0.49224457,112.0,170.0,0.5902518,167.0,189.0,0.82110393,153.0,193.0,0.48371154,149.0,234.0,0.4227609,138.0,237.0,0.64898896
guy3_chair117.jpg,132.0,94.0,0.55468553,137.0,89.0,0.67878854,131.0,89.0,0.4157074,150.0,88.0,0.5500819,137.0,89.0,0.17534146,161.0,103.0,0.53314805,139.0,104.0,0.40586436,150.0,75.0,0.31958133,115.0,83.0,0.39116395,131.0,46.0,0.4399566,98.0,55.0,0.3304885,188.0,171.0,0.5982113,170.0,167.0,0.6806521,149.0,192.0,0.69492686,133.0,190.0,0.52351826,163.0,236.0,0.6721982,150.0,233.0,0.47018814
guy3_chair117_flipped.jpg,167.0,94.0,0.58955204,169.0,90.0,0.6058641,163.0,89.0,0.5910963,164.0,89.0,0.20655683,152.0,86.0,0.5409161,159.0,103.0,0.5037494,138.0,101.0,0.61120766,185.0,83.0,0.4016646,154.0,70.0,0.45933867,203.0,53.0,0.4183427,168.0,46.0,0.34770906,129.0,166.0,0.5596153,111.0,169.0,0.76591885,166.0,188.0,0.85492903,153.0,192.0,0.41171825,148.0,234.0,0.5626914,136.0,237.0,0.59223473
guy3_chair118.jpg,132.0,95.0,0.5069419,137.0,89.0,0.57479244,131.0,90.0,0.6476847,148.0,88.0,0.5349312,138.0,90.0,0.4236656,161.0,101.0,0.5828273,140.0,104.0,0.4692173,148.0,73.0,0.40588683,115.0,84.0,0.3558969,129.0,45.0,0.4657723,97.0,52.0,0.3940287,190.0,170.0,0.8410529,172.0,167.0,0.649649,147.0,192.0,0.6332333,134.0,190.0,0.6984877,164.0,234.0,0.7598319,151.0,230.0,0.7443486
guy3_chair118_flipped.jpg,166.0,95.0,0.59038955,167.0,91.0,0.6202118,163.0,90.0,0.4757216,161.0,90.0,0.333081,151.0,88.0,0.34390008,157.0,105.0,0.6630446,138.0,101.0,0.6382695,183.0,84.0,0.40102863,152.0,76.0,0.22997278,203.0,53.0,0.6353705,168.0,46.0,0.49719408,127.0,166.0,0.5282097,110.0,169.0,0.585302,166.0,189.0,0.8325342,152.0,193.0,0.38572818,146.0,234.0,0.5201606,136.0,236.0,0.6223354
guy3_chair119.jpg,132.0,96.0,0.5566156,136.0,90.0,0.59551215,131.0,91.0,0.41002554,149.0,87.0,0.6591623,140.0,90.0,0.64620644,162.0,100.0,0.80301857,142.0,103.0,0.49588874,146.0,71.0,0.4644484,116.0,84.0,0.49358708,129.0,44.0,0.43660998,98.0,51.0,0.39525226,192.0,171.0,0.8089043,176.0,169.0,0.80081797,149.0,192.0,0.80346847,134.0,190.0,0.79880595,165.0,232.0,0.74327886,152.0,230.0,0.8512913
guy3_chair119_flipped.jpg,165.0,95.0,0.49379858,167.0,90.0,0.6820623,162.0,89.0,0.605996,162.0,90.0,0.40328473,150.0,88.0,0.46376425,156.0,105.0,0.48363122,137.0,101.0,0.6515158,184.0,83.0,0.41634995,151.0,76.0,0.2883882,202.0,52.0,0.69446146,167.0,46.0,0.7026068,126.0,164.0,0.44829896,109.0,168.0,0.6341021,165.0,187.0,0.8291971,152.0,191.0,0.37523025,147.0,232.0,0.52341187,136.0,235.0,0.6803314
guy3_chair120.jpg,134.0,96.0,0.6260457,138.0,90.0,0.6074264,132.0,90.0,0.5162986,150.0,89.0,0.49456987,141.0,91.0,0.44012108,162.0,100.0,0.5720058,142.0,105.0,0.510572,150.0,76.0,0.24794322,117.0,84.0,0.38063675,130.0,48.0,0.36105615,98.0,52.0,0.35413277,191.0,169.0,0.8474839,173.0,166.0,0.6320405,149.0,191.0,0.64224994,135.0,190.0,0.6443119,165.0,234.0,0.73691785,152.0,230.0,0.83481556
guy3_chair120_flipped.jpg,164.0,96.0,0.44048688,166.0,91.0,0.626874,161.0,90.0,0.6289831,161.0,91.0,0.32432485,149.0,88.0,0.4536838,154.0,105.0,0.612679,136.0,101.0,0.6168685,182.0,85.0,0.5570277,152.0,74.0,0.4076768,199.0,56.0,0.47973418,167.0,46.0,0.5934328,125.0,164.0,0.45776242,108.0,169.0,0.6222547,163.0,187.0,0.80082047,150.0,191.0,0.37192288,145.0,232.0,0.54323846,134.0,236.0,0.67810154
guy3_chair121.jpg,135.0,96.0,0.5558999,139.0,90.0,0.62170905,133.0,92.0,0.36844832,150.0,90.0,0.43020988,139.0,93.0,0.3061272,162.0,101.0,0.41692013,143.0,106.0,0.42512187,148.0,74.0,0.26261896,119.0,84.0,0.3573784,131.0,48.0,0.3091966,100.0,54.0,0.35349268,191.0,168.0,0.7515273,173.0,164.0,0.6352301,150.0,190.0,0.6587284,137.0,189.0,0.54650795,167.0,234.0,0.54136014,154.0,230.0,0.6736508
guy3_chair121_flipped.jpg,162.0,98.0,0.4129378,164.0,93.0,0.5260998,160.0,92.0,0.5629047,159.0,91.0,0.3273489,149.0,88.0,0.5774756,153.0,105.0,0.6375853,135.0,100.0,0.6407896,180.0,87.0,0.37255815,152.0,73.0,0.39829695,197.0,56.0,0.6249392,165.0,46.0,0.6367704,124.0,165.0,0.577509,108.0,168.0,0.6907548,162.0,187.0,0.76779574,151.0,190.0,0.40700614,144.0,232.0,0.48608616,133.0,237.0,0.5740801
guy3_chair122.jpg,135.0,96.0,0.62488824,139.0,90.0,0.6863738,135.0,90.0,0.652121,152.0,88.0,0.6393616,144.0,90.0,0.6072222,166.0,100.0,0.7187046,145.0,105.0,0.5354645,148.0,73.0,0.42757696,120.0,84.0,0.50121427,132.0,47.0,0.47625542,101.0,54.0,0.5381184,196.0,171.0,0.83062583,180.0,170.0,0.78810203,150.0,190.0,0.81080866,137.0,189.0,0.81726295,166.0,230.0,0.674058,155.0,230.0,0.87091404
guy3_chair122_flipped.jpg,162.0,98.0,0.5865998,163.0,93.0,0.47967064,159.0,92.0,0.58352786,158.0,92.0,0.30999035,148.0,89.0,0.47725806,154.0,104.0,0.4497295,135.0,100.0,0.5898111,180.0,86.0,0.53268427,151.0,72.0,0.42194885,198.0,54.0,0.5516251,166.0,46.0,0.68705684,124.0,166.0,0.5966348,107.0,168.0,0.69543827,162.0,187.0,0.7469677,150.0,191.0,0.43827802,143.0,231.0,0.4843209,133.0,234.0,0.67771053
guy3_chair123.jpg,136.0,98.0,0.504217,139.0,92.0,0.5658041,135.0,93.0,0.708868,151.0,91.0,0.3760421,143.0,93.0,0.41534093,165.0,102.0,0.5217498,145.0,106.0,0.5119415,151.0,76.0,0.40655196,122.0,87.0,0.42496037,133.0,49.0,0.5167762,103.0,54.0,0.2783205,195.0,170.0,0.9082956,178.0,167.0,0.5388411,151.0,190.0,0.69284314,138.0,190.0,0.755853,168.0,231.0,0.8362517,155.0,229.0,0.86027205
guy3_chair123_flipped.jpg,161.0,97.0,0.39134026,162.0,92.0,0.63780737,159.0,91.0,0.6031648,158.0,91.0,0.39449456,147.0,88.0,0.51443136,152.0,105.0,0.63552684,133.0,100.0,0.7040994,177.0,88.0,0.3279902,151.0,72.0,0.37732196,196.0,54.0,0.6080714,165.0,48.0,0.45658606,122.0,165.0,0.57240677,106.0,168.0,0.60394895,161.0,188.0,0.66635686,149.0,191.0,0.360685,142.0,231.0,0.4741629,131.0,234.0,0.6455047
guy3_chair124.jpg,138.0,98.0,0.48590827,141.0,92.0,0.4907037,136.0,93.0,0.5834677,154.0,90.0,0.5161054,143.0,94.0,0.26707873,166.0,102.0,0.53680724,146.0,106.0,0.4857033,151.0,75.0,0.31841487,125.0,88.0,0.37076777,133.0,48.0,0.40658683,104.0,56.0,0.27803782,195.0,170.0,0.67395115,179.0,166.0,0.7493514,152.0,190.0,0.6075624,139.0,188.0,0.66700315,169.0,232.0,0.6798139,157.0,231.0,0.83505744
guy3_chair124_flipped.jpg,161.0,96.0,0.6487011,163.0,91.0,0.52276886,159.0,90.0,0.5825337,159.0,91.0,0.27272552,148.0,88.0,0.56987256,152.0,105.0,0.48815802,133.0,101.0,0.6495389,177.0,83.0,0.49882847,150.0,72.0,0.43236688,196.0,54.0,0.5597195,164.0,49.0,0.68968374,121.0,165.0,0.49121964,104.0,169.0,0.63538253,161.0,187.0,0.81503344,148.0,191.0,0.34268138,142.0,232.0,0.58536804,130.0,236.0,0.42655492
guy3_chair125.jpg,138.0,100.0,0.4940776,140.0,93.0,0.547279,136.0,95.0,0.5467586,152.0,90.0,0.42160735,142.0,94.0,0.22483885,166.0,102.0,0.592857,147.0,107.0,0.51575786,151.0,76.0,0.367675,126.0,89.0,0.37204444,133.0,48.0,0.3546775,106.0,58.0,0.4556509,195.0,169.0,0.7693845,179.0,166.0,0.66887695,153.0,190.0,0.61108977,140.0,189.0,0.6292902,169.0,232.0,0.654117,157.0,231.0,0.68930334
guy3_chair125_flipped.jpg,159.0,100.0,0.52852964,161.0,95.0,0.70789087,157.0,94.0,0.59636486,156.0,93.0,0.27896848,148.0,90.0,0.56173015,150.0,106.0,0.64252186,132.0,101.0,0.6325633,174.0,90.0,0.46121976,149.0,76.0,0.18969509,192.0,60.0,0.67136073,163.0,48.0,0.52593356,119.0,165.0,0.39346504,103.0,169.0,0.65333563,159.0,187.0,0.76934725,148.0,190.0,0.42703038,139.0,232.0,0.53919005,129.0,235.0,0.63755965
guy3_chair126.jpg,140.0,96.0,0.55799055,142.0,91.0,0.7091687,138.0,93.0,0.59802985,153.0,90.0,0.67500293,145.0,94.0,0.43402708,165.0,103.0,0.81680477,149.0,106.0,0.47582328,152.0,77.0,0.45374864,124.0,88.0,0.46069333,133.0,49.0,0.31295195,107.0,57.0,0.41229114,198.0,171.0,0.7747879,182.0,170.0,0.7448224,153.0,190.0,0.84640205,140.0,189.0,0.69653285,170.0,231.0,0.7797588,158.0,229.0,0.74567163
guy3_chair126_flipped.jpg,159.0,101.0,0.44799492,161.0,95.0,0.62450254,157.0,95.0,0.5510408,156.0,94.0,0.30099523,148.0,91.0,0.5106068,150.0,106.0,0.45442924,131.0,102.0,0.6367118,174.0,86.0,0.48584428,148.0,77.0,0.3345939,193.0,59.0,0.49648017,162.0,51.0,0.5846377,120.0,166.0,0.52322817,103.0,169.0,0.6597957,158.0,187.0,0.72705513,148.0,190.0,0.44298533,140.0,232.0,0.49502105,129.0,236.0,0.6863315
guy3_chair127.jpg,140.0,97.0,0.53242964,143.0,91.0,0.69828606,139.0,93.0,0.60011226,155.0,90.0,0.6161345,146.0,93.0,0.33117676,167.0,102.0,0.81781065,149.0,106.0,0.43997738,152.0,77.0,0.41770494,126.0,89.0,0.53397346,134.0,51.0,0.3426562,108.0,59.0,0.54342407,199.0,172.0,0.884009,183.0,171.0,0.84609973,154.0,191.0,0.8317155,141.0,190.0,0.64058775,171.0,232.0,0.83668864,159.0,230.0,0.7486221
guy3_chair127_flipped.jpg,158.0,98.0,0.5788748,160.0,93.0,0.44087481,156.0,92.0,0.6432982,155.0,93.0,0.26722115,145.0,89.0,0.35183436,148.0,106.0,0.6023562,131.0,102.0,0.6819724,172.0,91.0,0.35981965,148.0,76.0,0.48224932,191.0,61.0,0.61647815,161.0,51.0,0.53121793,119.0,167.0,0.53718233,103.0,169.0,0.66572773,158.0,188.0,0.777795,148.0,191.0,0.4501888,137.0,233.0,0.46107525,128.0,236.0,0.69264895
guy3_chair128.jpg,141.0,98.0,0.6747617,144.0,92.0,0.7496541,141.0,93.0,0.75880015,157.0,89.0,0.5778189,148.0,92.0,0.5728063,170.0,103.0,0.69137186,151.0,106.0,0.690561,153.0,78.0,0.5852722,128.0,90.0,0.61511886,137.0,52.0,0.47588176,110.0,60.0,0.5981567,200.0,172.0,0.68688434,184.0,171.0,0.57616043,155.0,191.0,0.84482384,142.0,190.0,0.8580934,171.0,230.0,0.68239516,160.0,229.0,0.88958573
guy3_chair128_flipped.jpg,158.0,99.0,0.5962644,159.0,94.0,0.49226967,155.0,93.0,0.3754289,154.0,94.0,0.23522204,144.0,91.0,0.39272848,147.0,108.0,0.5664847,130.0,104.0,0.67082965,172.0,87.0,0.47556117,147.0,77.0,0.42318028,189.0,59.0,0.42311615,159.0,54.0,0.5103978,118.0,167.0,0.5453179,102.0,170.0,0.6967612,157.0,188.0,0.83831286,146.0,191.0,0.29904056,137.0,232.0,0.45827287,127.0,235.0,0.45852798
guy3_chair129.jpg,143.0,98.0,0.41528392,146.0,93.0,0.5512287,141.0,94.0,0.5995424,157.0,92.0,0.41533005,147.0,94.0,0.16303194,169.0,105.0,0.61699826,151.0,109.0,0.4556425,155.0,80.0,0.28054035,126.0,89.0,0.3538592,134.0,52.0,0.34621787,111.0,60.0,0.3923307,199.0,172.0,0.79126924,183.0,169.0,0.73603547,156.0,190.0,0.6633641,143.0,190.0,0.57564974,173.0,232.0,0.59527427,160.0,230.0,0.7744603
guy3_chair129_flipped.jpg,157.0,101.0,0.5911149,158.0,96.0,0.40771297,155.0,95.0,0.6262235,154.0,95.0,0.27988672,143.0,92.0,0.34256017,147.0,108.0,0.5472556,130.0,104.0,0.6494959,173.0,89.0,0.3796663,149.0,76.0,0.5164896,189.0,61.0,0.5307721,161.0,52.0,0.517816,118.0,168.0,0.48427558,102.0,171.0,0.7326172,157.0,189.0,0.7988775,145.0,193.0,0.31690216,136.0,234.0,0.37507695,127.0,237.0,0.50901306
guy3_chair130.jpg,142.0,100.0,0.55854195,145.0,94.0,0.6796675,141.0,94.0,0.7120378,157.0,92.0,0.47350514,150.0,93.0,0.44212502,170.0,104.0,0.7575165,151.0,109.0,0.65131426,153.0,79.0,0.31127256,127.0,89.0,0.49896944,135.0,52.0,0.48481783,112.0,62.0,0.45413125,201.0,174.0,0.5321539,185.0,173.0,0.6653748,156.0,191.0,0.6445292,142.0,190.0,0.6937821,174.0,232.0,0.7257763,162.0,232.0,0.87144756
guy3_chair130_flipped.jpg,157.0,101.0,0.5687964,158.0,96.0,0.5868168,155.0,95.0,0.5926109,152.0,95.0,0.21713185,145.0,93.0,0.593304,146.0,109.0,0.5621015,129.0,105.0,0.5836031,171.0,89.0,0.42989475,148.0,79.0,0.30909348,189.0,62.0,0.31841278,162.0,51.0,0.59467363,116.0,168.0,0.40193528,102.0,171.0,0.7320374,155.0,190.0,0.6408738,145.0,192.0,0.4435835,134.0,234.0,0.5393941,127.0,237.0,0.6166733
guy3_chair131.jpg,143.0,99.0,0.4376815,147.0,94.0,0.41295403,142.0,94.0,0.6893421,159.0,93.0,0.53089106,150.0,95.0,0.42084247,171.0,105.0,0.5862595,152.0,110.0,0.4856886,155.0,81.0,0.35072172,129.0,92.0,0.42323476,136.0,56.0,0.43528438,113.0,63.0,0.4502103,201.0,174.0,0.88675857,183.0,171.0,0.5924478,154.0,192.0,0.76320785,143.0,191.0,0.6469367,174.0,233.0,0.8322376,162.0,230.0,0.86530435
guy3_chair131_flipped.jpg,156.0,104.0,0.5559797,157.0,99.0,0.5455815,154.0,98.0,0.52787304,152.0,97.0,0.29800105,144.0,93.0,0.49435842,145.0,111.0,0.6801518,128.0,106.0,0.56732714,169.0,91.0,0.48001733,147.0,80.0,0.49756566,187.0,65.0,0.54987234,162.0,52.0,0.48502117,115.0,169.0,0.3500973,100.0,173.0,0.6537132,155.0,191.0,0.70382,144.0,192.0,0.40730497,134.0,234.0,0.5256408,126.0,236.0,0.45814055
guy3_chair132.jpg,144.0,101.0,0.5604267,147.0,95.0,0.710837,142.0,97.0,0.5913803,159.0,95.0,0.71095693,150.0,96.0,0.39033157,172.0,106.0,0.7998435,152.0,110.0,0.49348605,157.0,82.0,0.4555484,131.0,92.0,0.49083686,136.0,56.0,0.48055407,115.0,65.0,0.3595243,201.0,175.0,0.81479913,186.0,173.0,0.79387397,155.0,193.0,0.7658729,144.0,192.0,0.7545651,174.0,234.0,0.58660567,162.0,232.0,0.7884111
guy3_chair132_flipped.jpg,156.0,105.0,0.55428994,157.0,100.0,0.60095495,154.0,99.0,0.5413656,151.0,98.0,0.23192376,142.0,95.0,0.4097933,145.0,112.0,0.5695747,128.0,108.0,0.5502571,169.0,91.0,0.4162299,145.0,82.0,0.50901693,187.0,65.0,0.53716046,162.0,54.0,0.61846286,115.0,170.0,0.4008975,100.0,173.0,0.7247081,155.0,191.0,0.71354026,145.0,194.0,0.47135025,135.0,235.0,0.52295095,125.0,238.0,0.46937978
guy3_chair133.jpg,143.0,103.0,0.64815813,146.0,97.0,0.6057685,143.0,98.0,0.6268242,158.0,93.0,0.614548,152.0,96.0,0.6718193,173.0,108.0,0.62123036,154.0,110.0,0.5387024,154.0,81.0,0.5244817,130.0,91.0,0.64006054,135.0,55.0,0.50744,113.0,65.0,0.564271,203.0,176.0,0.6798603,187.0,175.0,0.6750347,155.0,194.0,0.74228984,144.0,194.0,0.774392,174.0,234.0,0.6645738,162.0,233.0,0.8749696
guy3_chair133_flipped.jpg,155.0,106.0,0.53629756,157.0,101.0,0.5885124,153.0,100.0,0.58152324,151.0,99.0,0.25323036,142.0,96.0,0.5902876,144.0,111.0,0.6442689,127.0,109.0,0.58319813,169.0,92.0,0.44031298,142.0,84.0,0.34981227,186.0,65.0,0.6203076,160.0,56.0,0.5228175,113.0,171.0,0.46371502,100.0,174.0,0.7408239,154.0,192.0,0.74534756,145.0,194.0,0.45988482,133.0,236.0,0.38133729,124.0,239.0,0.50045854
guy3_chair134.jpg,144.0,103.0,0.5826177,147.0,97.0,0.6400707,143.0,98.0,0.47467464,159.0,95.0,0.66331667,151.0,98.0,0.48835865,172.0,107.0,0.8275075,153.0,112.0,0.6907405,155.0,84.0,0.44269297,131.0,93.0,0.53715116,137.0,59.0,0.35421303,114.0,66.0,0.51718926,202.0,176.0,0.74527836,188.0,175.0,0.85789454,156.0,194.0,0.7540668,145.0,194.0,0.7724215,175.0,234.0,0.64195454,164.0,233.0,0.82246673
guy3_chair134_flipped.jpg,155.0,106.0,0.613962,156.0,101.0,0.46141207,152.0,100.0,0.3393358,150.0,100.0,0.18550259,140.0,97.0,0.3956687,143.0,113.0,0.63222206,126.0,109.0,0.59610295,168.0,93.0,0.41075286,141.0,85.0,0.34232524,186.0,66.0,0.7262058,160.0,58.0,0.45685592,114.0,172.0,0.5417615,99.0,174.0,0.6843096,154.0,192.0,0.82019305,144.0,194.0,0.3488729,134.0,236.0,0.47154364,123.0,239.0,0.5632471
guy3_chair135.jpg,144.0,105.0,0.6229281,146.0,99.0,0.5639106,143.0,100.0,0.5769348,158.0,95.0,0.6827827,152.0,97.0,0.52203333,172.0,108.0,0.88046366,155.0,111.0,0.71594334,154.0,83.0,0.44780332,132.0,95.0,0.68318856,138.0,59.0,0.35758442,116.0,67.0,0.5426054,203.0,177.0,0.90075916,189.0,177.0,0.8376274,157.0,196.0,0.73648715,145.0,196.0,0.7513446,175.0,235.0,0.66557086,164.0,234.0,0.82744217
guy3_chair135_flipped.jpg,155.0,107.0,0.5977394,156.0,102.0,0.5621876,152.0,101.0,0.5979938,150.0,100.0,0.29338783,142.0,97.0,0.59209955,143.0,112.0,0.6263233,125.0,109.0,0.64493454,165.0,96.0,0.3990813,144.0,85.0,0.3966829,185.0,68.0,0.697595,159.0,60.0,0.41017175,113.0,172.0,0.46649602,99.0,175.0,0.7475264,154.0,192.0,0.62815934,145.0,196.0,0.4121982,134.0,237.0,0.43804264,124.0,240.0,0.49446797
guy3_chair136.jpg,144.0,104.0,0.5552158,148.0,98.0,0.5788462,144.0,99.0,0.50174576,160.0,96.0,0.6692206,152.0,98.0,0.4566332,172.0,108.0,0.8081838,154.0,112.0,0.5864844,155.0,85.0,0.3151245,131.0,94.0,0.51094145,136.0,57.0,0.33502004,116.0,67.0,0.3426189,203.0,175.0,0.8668713,186.0,173.0,0.70491064,158.0,195.0,0.75842506,146.0,194.0,0.86195064,176.0,236.0,0.80885345,164.0,234.0,0.6172247
guy3_chair136_flipped.jpg,154.0,108.0,0.62457997,155.0,103.0,0.44816616,152.0,102.0,0.40901136,149.0,101.0,0.21409172,141.0,98.0,0.555826,143.0,114.0,0.6570207,126.0,110.0,0.65464157,165.0,97.0,0.4611719,145.0,84.0,0.36272955,184.0,69.0,0.52685016,161.0,58.0,0.44101945,114.0,173.0,0.44807637,98.0,176.0,0.73507303,153.0,194.0,0.81242526,143.0,197.0,0.35919598,134.0,238.0,0.5668569,124.0,241.0,0.6133001
guy3_chair137.jpg,146.0,104.0,0.5128981,149.0,99.0,0.62839055,144.0,99.0,0.43615606,161.0,98.0,0.5320781,151.0,99.0,0.17885509,172.0,110.0,0.56190675,155.0,113.0,0.35114646,155.0,85.0,0.22052267,133.0,94.0,0.2904711,138.0,60.0,0.25223422,117.0,67.0,0.41312885,201.0,176.0,0.7528951,185.0,173.0,0.61537063,158.0,196.0,0.5650223,146.0,195.0,0.6750982,176.0,239.0,0.7104421,164.0,238.0,0.7317323
guy3_chair137_flipped.jpg,154.0,106.0,0.59866655,154.0,102.0,0.36609033,150.0,101.0,0.48273516,148.0,100.0,0.29833058,139.0,98.0,0.43918106,143.0,114.0,0.6342988,125.0,109.0,0.7010049,165.0,96.0,0.38252646,145.0,84.0,0.28664523,183.0,70.0,0.63361883,160.0,59.0,0.49080548,113.0,173.0,0.45809525,98.0,176.0,0.7451619,153.0,194.0,0.85830986,143.0,197.0,0.3179196,133.0,239.0,0.48938692,124.0,242.0,0.5706792
guy3_chair138.jpg,146.0,103.0,0.5220891,149.0,98.0,0.5964559,144.0,99.0,0.52886313,161.0,97.0,0.56280786,152.0,98.0,0.1911056,172.0,108.0,0.64907694,154.0,112.0,0.4784261,156.0,84.0,0.25244296,133.0,94.0,0.30309713,138.0,59.0,0.22164586,116.0,68.0,0.3647573,202.0,175.0,0.70432997,186.0,173.0,0.7065057,160.0,197.0,0.6230193,147.0,196.0,0.5135388,177.0,240.0,0.59409034,165.0,239.0,0.6465632
guy3_chair138_flipped.jpg,153.0,107.0,0.61442864,154.0,102.0,0.5007361,151.0,101.0,0.39294618,148.0,100.0,0.4148533,141.0,98.0,0.450022,142.0,113.0,0.66018933,126.0,109.0,0.6465158,166.0,95.0,0.44246897,146.0,84.0,0.3541042,182.0,70.0,0.6627979,161.0,58.0,0.5043603,114.0,173.0,0.5137922,99.0,176.0,0.73520404,152.0,195.0,0.7870796,141.0,199.0,0.37695405,133.0,240.0,0.5034481,124.0,243.0,0.42645252
guy3_chair139.jpg,147.0,102.0,0.5449578,151.0,97.0,0.62699175,146.0,97.0,0.50784534,163.0,95.0,0.7060654,154.0,97.0,0.513576,174.0,106.0,0.6910236,155.0,111.0,0.6447285,157.0,83.0,0.41160104,134.0,92.0,0.4193328,140.0,59.0,0.38504037,119.0,68.0,0.44097766,203.0,174.0,0.9003608,187.0,173.0,0.85077876,159.0,199.0,0.80931437,146.0,197.0,0.7107128,177.0,241.0,0.76807284,165.0,239.0,0.80889994
guy3_chair139_flipped.jpg,151.0,106.0,0.6388517,152.0,101.0,0.38434887,148.0,100.0,0.48275048,147.0,99.0,0.35171568,138.0,96.0,0.4895462,142.0,112.0,0.51404077,124.0,108.0,0.7040985,164.0,94.0,0.33908778,143.0,83.0,0.5131926,182.0,68.0,0.628288,158.0,57.0,0.43478048,113.0,172.0,0.3930467,98.0,176.0,0.72459555,152.0,196.0,0.72885805,142.0,199.0,0.37284017,132.0,241.0,0.46849403,123.0,244.0,0.6092322
guy3_chair140.jpg,147.0,100.0,0.5676476,150.0,95.0,0.63774776,146.0,95.0,0.7292278,163.0,93.0,0.6530455,154.0,94.0,0.43353948,174.0,104.0,0.73672485,154.0,108.0,0.6006238,158.0,79.0,0.4048906,133.0,91.0,0.45247355,139.0,57.0,0.5213394,119.0,65.0,0.42269146,201.0,174.0,0.7836529,185.0,172.0,0.6615325,158.0,199.0,0.7814646,147.0,199.0,0.8115159,176.0,241.0,0.7731228,165.0,239.0,0.7564763
guy3_chair140_flipped.jpg,149.0,101.0,0.51647925,150.0,96.0,0.65827966,146.0,95.0,0.396999,145.0,95.0,0.2532116,136.0,93.0,0.5063031,142.0,110.0,0.59925336,124.0,107.0,0.67107654,163.0,93.0,0.34399706,142.0,81.0,0.4626454,181.0,66.0,0.5671159,158.0,56.0,0.43227357,116.0,171.0,0.42207602,100.0,174.0,0.68189716,153.0,197.0,0.73844373,142.0,200.0,0.44690257,132.0,241.0,0.43832865,124.0,244.0,0.42252323
guy3_chair141.jpg,149.0,96.0,0.55076,153.0,91.0,0.5177399,148.0,92.0,0.6301523,165.0,91.0,0.46049896,155.0,92.0,0.3875338,175.0,104.0,0.77365386,157.0,107.0,0.4858834,162.0,81.0,0.3822091,136.0,91.0,0.49525216,142.0,56.0,0.3516748,120.0,64.0,0.39689854,201.0,173.0,0.7869947,184.0,172.0,0.7893599,160.0,202.0,0.85156417,147.0,199.0,0.7266618,176.0,244.0,0.6266872,167.0,242.0,0.7153481
guy3_chair141_flipped.jpg,148.0,99.0,0.36753798,148.0,94.0,0.5179561,145.0,93.0,0.6055493,144.0,93.0,0.37614453,135.0,91.0,0.64656985,141.0,109.0,0.43585727,122.0,105.0,0.6914688,163.0,91.0,0.38730985,142.0,79.0,0.53155375,178.0,65.0,0.5137621,156.0,54.0,0.33039767,116.0,172.0,0.50483024,101.0,174.0,0.6476445,152.0,198.0,0.70956606,141.0,202.0,0.33234444,132.0,243.0,0.42434397,124.0,245.0,0.42697507
guy3_chair142.jpg,151.0,93.0,0.61008114,155.0,88.0,0.6813095,149.0,88.0,0.51508576,168.0,88.0,0.6281862,157.0,88.0,0.43339914,178.0,102.0,0.67956865,156.0,105.0,0.68673277,161.0,79.0,0.43536288,136.0,87.0,0.5711692,142.0,53.0,0.42767227,120.0,63.0,0.47132993,199.0,172.0,0.8827776,181.0,171.0,0.67676973,159.0,202.0,0.8511375,146.0,200.0,0.73320556,176.0,245.0,0.57160467,166.0,243.0,0.68184286
guy3_chair142_flipped.jpg,147.0,97.0,0.47025618,147.0,92.0,0.57005596,144.0,91.0,0.3735604,142.0,92.0,0.22508773,133.0,91.0,0.38657472,141.0,107.0,0.47626448,122.0,104.0,0.65655893,164.0,88.0,0.5210861,141.0,78.0,0.35064295,178.0,64.0,0.45408502,156.0,54.0,0.55567735,118.0,171.0,0.4936043,103.0,173.0,0.70128435,154.0,200.0,0.63159835,141.0,203.0,0.44478232,131.0,245.0,0.48025724,124.0,247.0,0.3786038
guy3_chair143.jpg,152.0,89.0,0.5778755,157.0,84.0,0.58418816,152.0,84.0,0.6078091,171.0,86.0,0.6768373,160.0,85.0,0.47904044,180.0,101.0,0.554168,157.0,103.0,0.6955682,160.0,77.0,0.49287373,137.0,84.0,0.4809598,143.0,52.0,0.5445357,123.0,60.0,0.42406014,199.0,172.0,0.71214086,181.0,172.0,0.76564014,158.0,204.0,0.8313175,146.0,200.0,0.8043958,177.0,245.0,0.6858748,168.0,244.0,0.7713078
guy3_chair143_flipped.jpg,144.0,92.0,0.39762008,144.0,87.0,0.5842905,142.0,86.0,0.48920628,139.0,88.0,0.29375443,130.0,87.0,0.6283616,139.0,104.0,0.34800783,120.0,101.0,0.5298474,159.0,87.0,0.39181772,140.0,76.0,0.4891228,177.0,62.0,0.49433437,156.0,52.0,0.64007515,118.0,168.0,0.39718837,104.0,171.0,0.6549424,153.0,200.0,0.66343284,143.0,204.0,0.6839679,131.0,245.0,0.4859908,123.0,247.0,0.53203297
guy3_chair144.jpg,154.0,88.0,0.55238104,158.0,83.0,0.57900476,154.0,82.0,0.65458035,173.0,85.0,0.6570247,164.0,84.0,0.64470315,180.0,99.0,0.76562786,160.0,100.0,0.51405,161.0,76.0,0.41755226,139.0,83.0,0.58891785,146.0,52.0,0.66720104,125.0,60.0,0.5493513,197.0,172.0,0.84346914,180.0,172.0,0.8371538,155.0,206.0,0.6759289,145.0,202.0,0.78642404,177.0,246.0,0.73041016,167.0,244.0,0.69506335
guy3_chair144_flipped.jpg,145.0,90.0,0.4928816,145.0,86.0,0.5237911,142.0,85.0,0.5641683,141.0,86.0,0.29096228,131.0,85.0,0.6316447,139.0,102.0,0.43468583,120.0,100.0,0.6301175,159.0,85.0,0.31133434,140.0,75.0,0.36640102,176.0,60.0,0.3498885,154.0,50.0,0.54730695,121.0,168.0,0.47885364,106.0,170.0,0.47383845,155.0,202.0,0.66362476,144.0,205.0,0.6261963,132.0,246.0,0.42912194,124.0,248.0,0.5860961
guy3_chair145.jpg,154.0,86.0,0.58512264,159.0,81.0,0.65515155,154.0,80.0,0.6635782,173.0,82.0,0.64738655,164.0,81.0,0.5830723,180.0,96.0,0.65104365,162.0,99.0,0.48152488,160.0,72.0,0.42758977,143.0,83.0,0.4329049,147.0,50.0,0.57144845,126.0,58.0,0.46109712,195.0,171.0,0.8595549,177.0,170.0,0.84603715,155.0,206.0,0.7128313,145.0,203.0,0.84385383,177.0,248.0,0.78296655,166.0,247.0,0.67804104
guy3_chair145_flipped.jpg,144.0,90.0,0.47086847,145.0,85.0,0.5308585,142.0,85.0,0.55271655,140.0,84.0,0.28980553,131.0,83.0,0.51247513,136.0,101.0,0.5224611,119.0,98.0,0.63467866,159.0,82.0,0.46373296,138.0,73.0,0.40717825,174.0,56.0,0.4270221,153.0,49.0,0.6381738,121.0,168.0,0.42324716,108.0,170.0,0.61780834,154.0,203.0,0.50220066,144.0,205.0,0.5678177,132.0,246.0,0.50388336,123.0,249.0,0.58826345
guy3_chair146.jpg,155.0,86.0,0.49041888,159.0,81.0,0.6128233,155.0,80.0,0.6374958,173.0,82.0,0.53566676,166.0,81.0,0.44960132,181.0,97.0,0.7800917,163.0,101.0,0.6366662,160.0,71.0,0.42000997,143.0,82.0,0.4223015,147.0,46.0,0.6558062,127.0,57.0,0.36898297,193.0,169.0,0.85984087,176.0,170.0,0.7980776,155.0,207.0,0.8088792,144.0,205.0,0.78777313,177.0,250.0,0.7693366,166.0,248.0,0.8035053
guy3_chair146_flipped.jpg,140.0,84.0,0.42544156,141.0,80.0,0.46321857,137.0,80.0,0.46339992,136.0,80.0,0.25237048,127.0,80.0,0.55721414,134.0,99.0,0.40554023,117.0,95.0,0.684007,158.0,79.0,0.39756268,137.0,68.0,0.40103132,172.0,53.0,0.3835457,152.0,44.0,0.63130534,123.0,167.0,0.50170445,109.0,169.0,0.6827457,155.0,204.0,0.6830361,145.0,206.0,0.5456657,131.0,248.0,0.48629573,123.0,251.0,0.49616542
guy3_chair147.jpg,156.0,81.0,0.52538633,161.0,76.0,0.53419775,157.0,76.0,0.67101955,174.0,78.0,0.5429134,168.0,78.0,0.6968217,180.0,93.0,0.8317275,162.0,96.0,0.72745234,166.0,70.0,0.200135,140.0,78.0,0.6399944,150.0,45.0,0.64086974,128.0,52.0,0.39652723,191.0,169.0,0.831663,174.0,169.0,0.82679665,153.0,208.0,0.7420946,143.0,205.0,0.86112505,177.0,249.0,0.8552487,167.0,247.0,0.6967921
guy3_chair147_flipped.jpg,140.0,82.0,0.5164671,139.0,78.0,0.67975754,137.0,77.0,0.614156,134.0,78.0,0.36180365,126.0,79.0,0.4979719,136.0,97.0,0.4224477,117.0,94.0,0.6321775,156.0,77.0,0.3534456,136.0,69.0,0.3283801,171.0,51.0,0.53757995,150.0,43.0,0.5738555,124.0,167.0,0.50086087,110.0,168.0,0.6735103,156.0,204.0,0.58273613,146.0,207.0,0.543978,131.0,249.0,0.5087752,124.0,251.0,0.59953946
guy3_chair148.jpg,155.0,83.0,0.5793874,160.0,77.0,0.5921176,157.0,78.0,0.70025456,173.0,78.0,0.70112467,167.0,79.0,0.655637,181.0,92.0,0.7647487,162.0,97.0,0.6093664,167.0,67.0,0.34956723,140.0,75.0,0.6914181,152.0,41.0,0.74022627,128.0,48.0,0.5713864,190.0,167.0,0.85255355,172.0,168.0,0.8223533,155.0,209.0,0.83036625,142.0,207.0,0.9182527,177.0,250.0,0.82869196,166.0,248.0,0.6221094
guy3_chair148_flipped.jpg,140.0,82.0,0.4845166,139.0,77.0,0.5487261,137.0,77.0,0.5866331,132.0,78.0,0.30144265,126.0,78.0,0.5756037,133.0,98.0,0.56617874,116.0,95.0,0.7326302,154.0,77.0,0.29092425,135.0,64.0,0.4194235,169.0,47.0,0.40520722,148.0,39.0,0.60379994,125.0,165.0,0.48544133,111.0,166.0,0.58397526,156.0,206.0,0.6064202,145.0,208.0,0.43660358,132.0,251.0,0.5340628,122.0,253.0,0.59758765
guy3_chair149.jpg,157.0,79.0,0.4250292,162.0,75.0,0.44264287,157.0,76.0,0.5147807,173.0,76.0,0.5791261,166.0,77.0,0.51755404,181.0,90.0,0.8347269,161.0,93.0,0.53938466,167.0,63.0,0.3549144,140.0,72.0,0.6194819,154.0,37.0,0.60379875,129.0,43.0,0.51329863,188.0,166.0,0.8619764,171.0,167.0,0.81141007,155.0,210.0,0.8537823,142.0,208.0,0.8357371,176.0,252.0,0.8076417,165.0,249.0,0.8714668
guy3_chair149_flipped.jpg,140.0,84.0,0.3975048,140.0,79.0,0.46273214,137.0,79.0,0.4751325,134.0,79.0,0.30316103,126.0,78.0,0.5513707,135.0,97.0,0.5074588,116.0,93.0,0.60207754,157.0,75.0,0.35221845,132.0,66.0,0.23876348,168.0,47.0,0.76741755,146.0,38.0,0.3301512,127.0,166.0,0.5620066,113.0,167.0,0.65504915,156.0,207.0,0.74513525,145.0,209.0,0.45447004,132.0,252.0,0.54597473,122.0,255.0,0.5009347
guy3_chair150.jpg,159.0,78.0,0.51725435,163.0,72.0,0.50289947,159.0,72.0,0.5907248,175.0,73.0,0.6133579,167.0,73.0,0.44454476,182.0,89.0,0.6099584,163.0,91.0,0.6567513,168.0,63.0,0.60234475,143.0,71.0,0.69252825,158.0,35.0,0.38389245,132.0,45.0,0.5516515,187.0,165.0,0.8417802,171.0,166.0,0.78870237,155.0,211.0,0.86635613,141.0,208.0,0.92333996,175.0,253.0,0.6448771,166.0,249.0,0.8059572
guy3_chair150_flipped.jpg,139.0,80.0,0.4304864,139.0,76.0,0.59757507,136.0,76.0,0.61076546,134.0,76.0,0.24291489,125.0,75.0,0.49825656,136.0,93.0,0.5087057,117.0,90.0,0.47943154,157.0,71.0,0.32763815,132.0,63.0,0.33580697,166.0,44.0,0.6879641,143.0,36.0,0.34900177,130.0,164.0,0.5637788,115.0,165.0,0.6277022,156.0,208.0,0.64843637,146.0,210.0,0.4496144,132.0,252.0,0.4616127,123.0,255.0,0.6534517
guy3_chair151.jpg,157.0,79.0,0.5628968,161.0,74.0,0.5638483,158.0,73.0,0.68715215,173.0,74.0,0.58852136,168.0,74.0,0.5649543,182.0,91.0,0.69559205,163.0,91.0,0.5350756,168.0,60.0,0.38377747,145.0,69.0,0.40982664,159.0,33.0,0.52185917,134.0,40.0,0.6540475,185.0,165.0,0.7310391,169.0,166.0,0.8581234,153.0,211.0,0.74408937,140.0,209.0,0.9106822,176.0,255.0,0.88914585,164.0,251.0,0.8274143
guy3_chair151_flipped.jpg,140.0,81.0,0.48009664,139.0,76.0,0.4749968,137.0,76.0,0.6075797,132.0,76.0,0.3475307,127.0,75.0,0.55994946,135.0,94.0,0.48428273,117.0,91.0,0.6885045,153.0,72.0,0.44119665,131.0,61.0,0.26910537,162.0,44.0,0.5794768,139.0,35.0,0.49430752,130.0,164.0,0.64242184,115.0,165.0,0.6128423,156.0,208.0,0.5143667,146.0,211.0,0.5580557,132.0,253.0,0.54469806,123.0,256.0,0.68895996
guy3_chair152.jpg,157.0,79.0,0.5632873,161.0,73.0,0.54293275,159.0,73.0,0.60685533,174.0,73.0,0.6343848,170.0,73.0,0.473197,182.0,90.0,0.7234372,164.0,91.0,0.84855956,170.0,59.0,0.5527961,146.0,68.0,0.55354816,163.0,31.0,0.3543368,137.0,36.0,0.7021257,185.0,164.0,0.78812027,169.0,165.0,0.78161335,154.0,212.0,0.85617304,142.0,210.0,0.7495294,176.0,256.0,0.89396894,165.0,252.0,0.67580545
guy3_chair152_flipped.jpg,139.0,80.0,0.55636847,138.0,75.0,0.7114254,136.0,75.0,0.65013075,132.0,75.0,0.4804706,126.0,75.0,0.6644089,134.0,93.0,0.6684084,117.0,90.0,0.7399706,153.0,69.0,0.40379232,130.0,59.0,0.36364558,160.0,40.0,0.58026695,135.0,35.0,0.61809486,131.0,164.0,0.68741316,116.0,164.0,0.6520096,157.0,208.0,0.63361174,145.0,211.0,0.6613953,132.0,253.0,0.5794363,124.0,257.0,0.7244556
guy3_chair153.jpg,158.0,77.0,0.46878687,161.0,72.0,0.6052476,159.0,71.0,0.59874994,174.0,73.0,0.71800715,169.0,73.0,0.56581944,182.0,89.0,0.8230019,164.0,91.0,0.62598747,171.0,57.0,0.44906294,147.0,70.0,0.40653378,164.0,29.0,0.61308974,139.0,37.0,0.6666233,183.0,164.0,0.78083986,168.0,165.0,0.83959675,154.0,213.0,0.8750506,142.0,212.0,0.7889172,177.0,258.0,0.85290647,164.0,253.0,0.79630697
guy3_chair153_flipped.jpg,138.0,80.0,0.45023358,137.0,75.0,0.50314516,135.0,75.0,0.5776139,131.0,75.0,0.4087087,126.0,74.0,0.57084364,134.0,93.0,0.5946414,117.0,90.0,0.65797615,150.0,68.0,0.2863175,128.0,58.0,0.587488,159.0,39.0,0.69259644,132.0,33.0,0.4288094,133.0,164.0,0.688184,118.0,164.0,0.6650231,156.0,210.0,0.7066924,146.0,212.0,0.5348336,132.0,255.0,0.41873932,124.0,258.0,0.71279395
