guy3_cobra025.jpg,222.0,136.0,0.5634768,224.0,131.0,0.345609,218.0,131.0,0.4799904,218.0,125.0,0.22093111,202.0,126.0,0.3222913,204.0,122.0,0.31629297,179.0,131.0,0.3525272,202.0,138.0,0.3710819,140.0,128.0,0.31667423,204.0,149.0,0.38414672,153.0,160.0,0.56949556,154.0,118.0,0.4940017,139.0,123.0,0.39973047,123.0,104.0,0.33990294,107.0,115.0,0.50060785,100.0,94.0,0.4822154,84.0,99.0,0.4469337
guy3_cobra025_flipped.jpg,78.0,136.0,0.649875,82.0,131.0,0.74500227,76.0,131.0,0.6028714,98.0,124.0,0.81486535,83.0,124.0,0.37570268,120.0,128.0,0.41011375,93.0,122.0,0.58081406,161.0,124.0,0.6286905,97.0,120.0,0.2465615,147.0,159.0,0.49691972,92.0,144.0,0.4306144,160.0,122.0,0.7238705,144.0,114.0,0.4618957,187.0,115.0,0.47879985,171.0,106.0,0.6233436,216.0,98.0,0.5224333,191.0,93.0,0.46932358
guy3_cobra026.jpg,220.0,136.0,0.6942633,222.0,130.0,0.34193265,216.0,129.0,0.48116496,215.0,124.0,0.264954,199.0,125.0,0.41109848,201.0,124.0,0.40104845,177.0,130.0,0.3222793,198.0,138.0,0.37021413,138.0,127.0,0.40727517,204.0,150.0,0.45967388,150.0,161.0,0.55334,150.0,116.0,0.58426446,136.0,123.0,0.43832156,126.0,106.0,0.48416993,107.0,115.0,0.42948413,100.0,95.0,0.59289646,86.0,100.0,0.41875973
guy3_cobra026_flipped.jpg,80.0,136.0,0.78157055,85.0,130.0,0.649159,78.0,130.0,0.5829681,100.0,123.0,0.72146434,85.0,123.0,0.41203552,125.0,127.0,0.52151924,95.0,122.0,0.5676419,165.0,126.0,0.48561046,100.0,124.0,0.21905467,150.0,159.0,0.7077689,95.0,147.0,0.46707353,163.0,121.0,0.6769902,148.0,112.0,0.6300562,187.0,116.0,0.71323377,171.0,107.0,0.71758366,215.0,99.0,0.82809687,195.0,92.0,0.5792779
guy3_cobra027.jpg,215.0,134.0,0.73278284,218.0,128.0,0.41000646,211.0,128.0,0.6599331,213.0,123.0,0.19593751,195.0,124.0,0.40712214,199.0,126.0,0.2553293,171.0,128.0,0.33912575,196.0,139.0,0.30455583,136.0,125.0,0.32477632,201.0,150.0,0.37689567,147.0,161.0,0.62926203,148.0,119.0,0.5089662,133.0,125.0,0.42321858,126.0,105.0,0.4955993,106.0,116.0,0.4199994,103.0,96.0,0.50083154,85.0,99.0,0.49475986
guy3_cobra027_flipped.jpg,83.0,135.0,0.54337895,88.0,128.0,0.57301784,81.0,129.0,0.58203113,103.0,122.0,0.6041849,86.0,123.0,0.18810898,127.0,126.0,0.48662943,99.0,121.0,0.49786073,164.0,124.0,0.4739977,102.0,129.0,0.1727846,151.0,160.0,0.70488113,96.0,149.0,0.55552894,164.0,120.0,0.6487559,149.0,112.0,0.5571054,190.0,114.0,0.6248935,172.0,106.0,0.4330607,215.0,98.0,0.7459134,197.0,92.0,0.42061293
guy3_cobra028.jpg,211.0,133.0,0.6113579,215.0,126.0,0.2667748,208.0,126.0,0.5238341,211.0,122.0,0.16208225,193.0,121.0,0.4255737,197.0,124.0,0.34452242,170.0,126.0,0.2811271,194.0,137.0,0.3156836,133.0,126.0,0.5487254,201.0,148.0,0.44788313,146.0,159.0,0.6514679,147.0,120.0,0.4671171,131.0,125.0,0.43450525,128.0,109.0,0.47669023,107.0,116.0,0.3670151,105.0,96.0,0.36792386,85.0,99.0,0.6414778
guy3_cobra028_flipped.jpg,87.0,133.0,0.73520356,92.0,126.0,0.6824734,84.0,127.0,0.6677648,107.0,120.0,0.75829685,88.0,121.0,0.3370218,129.0,123.0,0.45373294,100.0,121.0,0.41717336,167.0,125.0,0.5696757,103.0,130.0,0.25354487,154.0,159.0,0.65661585,98.0,148.0,0.5957295,163.0,122.0,0.72913235,148.0,115.0,0.47052568,185.0,117.0,0.4517449,172.0,107.0,0.56000143,213.0,99.0,0.8492155,192.0,93.0,0.37056237
guy3_cobra029.jpg,208.0,132.0,0.6815492,212.0,126.0,0.6180189,204.0,126.0,0.64064276,210.0,120.0,0.122478485,188.0,120.0,0.41635558,198.0,125.0,0.28546667,165.0,124.0,0.29195195,193.0,138.0,0.2501884,133.0,126.0,0.4475084,199.0,150.0,0.50874573,144.0,161.0,0.68110156,149.0,120.0,0.44905776,133.0,124.0,0.34899446,127.0,106.0,0.50732,108.0,116.0,0.42814457,106.0,96.0,0.54896486,88.0,98.0,0.4021433
guy3_cobra029_flipped.jpg,89.0,132.0,0.7077415,95.0,125.0,0.6512753,86.0,125.0,0.64073175,110.0,118.0,0.72755533,91.0,119.0,0.30822533,132.0,122.0,0.47683164,102.0,119.0,0.45050886,169.0,125.0,0.62561756,104.0,126.0,0.18371633,156.0,160.0,0.7910061,98.0,147.0,0.6165237,164.0,122.0,0.7206393,149.0,113.0,0.5932576,189.0,114.0,0.64238113,171.0,107.0,0.4541149,214.0,97.0,0.8809835,193.0,93.0,0.3286968
guy3_cobra030.jpg,206.0,130.0,0.5139064,210.0,123.0,0.5553322,201.0,124.0,0.5470782,208.0,119.0,0.1530787,186.0,119.0,0.38691717,196.0,127.0,0.28313428,163.0,123.0,0.27829802,192.0,137.0,0.38743007,132.0,127.0,0.52009207,199.0,152.0,0.43035057,142.0,162.0,0.67098784,148.0,120.0,0.46185392,133.0,123.0,0.31566978,127.0,105.0,0.4740183,107.0,113.0,0.25812894,106.0,95.0,0.46868157,88.0,98.0,0.5172653
guy3_cobra030_flipped.jpg,92.0,130.0,0.511142,98.0,124.0,0.78449583,89.0,124.0,0.47285235,112.0,118.0,0.6413766,92.0,120.0,0.1922395,136.0,125.0,0.23237318,103.0,122.0,0.18626708,168.0,125.0,0.32171115,106.0,133.0,0.23734081,158.0,160.0,0.54746777,100.0,149.0,0.47975838,164.0,121.0,0.5551254,149.0,113.0,0.48383,188.0,114.0,0.5562092,172.0,106.0,0.5127723,212.0,98.0,0.6213648,190.0,94.0,0.19334012
guy3_cobra031.jpg,204.0,129.0,0.5566875,207.0,123.0,0.29130805,199.0,123.0,0.56454635,205.0,118.0,0.13684833,183.0,119.0,0.43470958,194.0,128.0,0.3274039,160.0,124.0,0.2626201,192.0,137.0,0.3289688,129.0,127.0,0.4761314,198.0,150.0,0.5601083,141.0,163.0,0.5931431,146.0,123.0,0.40252373,130.0,125.0,0.37601036,129.0,107.0,0.42021292,107.0,115.0,0.32914135,103.0,96.0,0.36261994,90.0,97.0,0.46390226
guy3_cobra031_flipped.jpg,96.0,129.0,0.43604332,101.0,122.0,0.56912595,93.0,123.0,0.5656539,116.0,117.0,0.48381037,96.0,119.0,0.2997087,138.0,124.0,0.27308536,105.0,122.0,0.31271258,170.0,127.0,0.47831362,109.0,134.0,0.4260528,159.0,160.0,0.72869754,102.0,151.0,0.5482158,165.0,122.0,0.59576416,150.0,114.0,0.40692165,185.0,119.0,0.38332585,172.0,107.0,0.43001378,209.0,96.0,0.61266434,193.0,92.0,0.5849161
guy3_cobra032.jpg,200.0,128.0,0.57967806,204.0,122.0,0.553571,195.0,122.0,0.5668793,204.0,117.0,0.24217764,180.0,117.0,0.30457264,194.0,126.0,0.3295385,159.0,124.0,0.2924204,190.0,135.0,0.37202817,128.0,127.0,0.42310086,195.0,150.0,0.7004956,139.0,162.0,0.6568508,148.0,119.0,0.4575614,132.0,123.0,0.4017161,127.0,105.0,0.58065796,107.0,114.0,0.39253026,104.0,95.0,0.44920358,90.0,98.0,0.47793022
guy3_cobra032_flipped.jpg,99.0,129.0,0.7215194,104.0,122.0,0.54423565,95.0,122.0,0.6529554,119.0,117.0,0.6960316,98.0,118.0,0.39036322,142.0,125.0,0.34617743,107.0,122.0,0.20059761,173.0,127.0,0.5324992,110.0,134.0,0.4025575,161.0,163.0,0.8066822,103.0,151.0,0.6147267,168.0,123.0,0.7714895,150.0,117.0,0.51545537,189.0,116.0,0.39810392,173.0,106.0,0.60138094,210.0,98.0,0.568716,192.0,93.0,0.45098096
guy3_cobra033.jpg,198.0,127.0,0.596776,201.0,121.0,0.5851096,192.0,121.0,0.685751,201.0,117.0,0.20375347,177.0,118.0,0.2489708,191.0,127.0,0.31655365,155.0,124.0,0.3361706,188.0,137.0,0.4601386,127.0,129.0,0.639255,195.0,153.0,0.46637672,137.0,163.0,0.5968275,147.0,121.0,0.44925907,131.0,124.0,0.33600742,129.0,106.0,0.55992156,107.0,114.0,0.42140168,108.0,96.0,0.35604292,90.0,99.0,0.51389545
guy3_cobra033_flipped.jpg,101.0,127.0,0.6744423,107.0,120.0,0.80306,97.0,120.0,0.6552387,122.0,116.0,0.6209434,99.0,118.0,0.2695257,146.0,124.0,0.21786419,108.0,122.0,0.15499246,174.0,129.0,0.41942832,112.0,134.0,0.33696067,163.0,163.0,0.26990792,104.0,152.0,0.5320405,163.0,123.0,0.42495567,147.0,117.0,0.41081387,189.0,117.0,0.41310522,173.0,106.0,0.53977144,209.0,100.0,0.5666224,188.0,94.0,0.5949561
guy3_cobra034.jpg,194.0,126.0,0.694896,198.0,120.0,0.54452384,188.0,121.0,0.5891527,199.0,115.0,0.18410847,173.0,116.0,0.4163897,190.0,124.0,0.25467047,154.0,124.0,0.28636456,186.0,134.0,0.49599054,125.0,130.0,0.5440199,193.0,154.0,0.5426177,135.0,165.0,0.64577204,148.0,125.0,0.45026904,130.0,127.0,0.30891517,130.0,110.0,0.46374297,109.0,117.0,0.35947192,112.0,98.0,0.41776684,93.0,100.0,0.7612086
guy3_cobra034_flipped.jpg,105.0,126.0,0.7061455,111.0,120.0,0.7562814,102.0,120.0,0.64686525,126.0,116.0,0.5832071,103.0,117.0,0.24746075,150.0,124.0,0.17765406,108.0,123.0,0.15946141,176.0,130.0,0.3526852,114.0,135.0,0.34333736,165.0,164.0,0.53204066,106.0,155.0,0.3956058,167.0,124.0,0.44988695,150.0,119.0,0.32211405,189.0,119.0,0.2558271,172.0,108.0,0.31066173,208.0,101.0,0.66915596,185.0,98.0,0.27819365
guy3_cobra035.jpg,191.0,125.0,0.5822984,195.0,119.0,0.5155185,185.0,120.0,0.5452083,195.0,114.0,0.16177571,170.0,116.0,0.36587226,186.0,123.0,0.37428635,151.0,124.0,0.2570248,185.0,133.0,0.34990335,124.0,130.0,0.52452904,192.0,155.0,0.47955373,134.0,165.0,0.6968715,144.0,126.0,0.45773095,127.0,127.0,0.31269062,129.0,109.0,0.46755832,107.0,115.0,0.32050905,110.0,96.0,0.41993192,93.0,100.0,0.52464974
guy3_cobra035_flipped.jpg,109.0,125.0,0.5398002,114.0,118.0,0.7456975,106.0,119.0,0.6530324,129.0,114.0,0.57553816,106.0,117.0,0.291246,150.0,125.0,0.20299014,113.0,130.0,0.28742728,177.0,128.0,0.5796109,116.0,139.0,0.33604705,168.0,161.0,0.28590336,109.0,156.0,0.1986486,169.0,127.0,0.1699681,155.0,123.0,0.15836355,183.0,126.0,0.44554582,175.0,106.0,0.348733,207.0,96.0,0.3990424,196.0,94.0,0.26298082
guy3_cobra036.jpg,187.0,125.0,0.656351,191.0,119.0,0.6504314,181.0,119.0,0.67361397,191.0,113.0,0.22926056,167.0,115.0,0.38875008,184.0,124.0,0.4380337,148.0,123.0,0.39351264,181.0,134.0,0.3673393,122.0,131.0,0.61428124,189.0,157.0,0.55368596,131.0,165.0,0.67979956,146.0,133.0,0.49547142,128.0,133.0,0.3281402,129.0,110.0,0.20754722,109.0,117.0,0.34732127,112.0,98.0,0.48622867,95.0,100.0,0.56102836
guy3_cobra037.jpg,184.0,124.0,0.5504002,188.0,118.0,0.40509334,178.0,118.0,0.5068164,188.0,112.0,0.21014184,164.0,115.0,0.5549593,182.0,123.0,0.5105894,145.0,123.0,0.3275841,179.0,133.0,0.3313535,120.0,133.0,0.616736,188.0,157.0,0.47805172,129.0,167.0,0.72555816,143.0,134.0,0.4255887,126.0,133.0,0.3442228,129.0,110.0,0.4148194,109.0,116.0,0.27720225,112.0,98.0,0.47085518,97.0,100.0,0.32440794
guy3_cobra037_flipped.jpg,117.0,124.0,0.6120162,122.0,118.0,0.6385626,113.0,118.0,0.43131316,137.0,114.0,0.63184124,112.0,116.0,0.26164874,157.0,127.0,0.1833038,115.0,123.0,0.16644004,181.0,133.0,0.25739035,122.0,135.0,0.33583534,172.0,167.0,0.35523158,111.0,157.0,0.51445895,172.0,136.0,0.2601392,155.0,130.0,0.31853288,190.0,121.0,0.36955273,173.0,111.0,0.39972752,204.0,100.0,0.46230835,187.0,99.0,0.49952692
guy3_cobra038.jpg,180.0,124.0,0.7118804,184.0,117.0,0.37292835,174.0,119.0,0.7568867,185.0,112.0,0.32096267,160.0,116.0,0.43885976,181.0,122.0,0.5539543,144.0,125.0,0.31238377,179.0,136.0,0.24101573,120.0,134.0,0.5063615,187.0,159.0,0.29950595,126.0,167.0,0.630978,144.0,136.0,0.4784666,127.0,135.0,0.29590696,131.0,115.0,0.51630425,110.0,120.0,0.22916093,114.0,100.0,0.30613235,96.0,102.0,0.44323218
guy3_cobra038_flipped.jpg,119.0,124.0,0.60891956,125.0,118.0,0.81958276,116.0,118.0,0.65702766,139.0,113.0,0.52915454,117.0,114.0,0.42572525,161.0,125.0,0.29120648,115.0,121.0,0.31641698,182.0,132.0,0.477878,123.0,135.0,0.5548962,174.0,166.0,0.7733413,113.0,158.0,0.88328075,170.0,139.0,0.3224834,154.0,134.0,0.34177762,187.0,127.0,0.50463706,170.0,113.0,0.42175084,203.0,102.0,0.5740796,185.0,100.0,0.24088758
guy3_cobra039.jpg,176.0,123.0,0.43193513,181.0,117.0,0.6990212,170.0,118.0,0.66841745,183.0,112.0,0.37794644,156.0,115.0,0.42757398,179.0,121.0,0.5275074,141.0,124.0,0.37309378,176.0,137.0,0.38714743,118.0,134.0,0.52972466,184.0,161.0,0.45953682,124.0,168.0,0.58783275,143.0,140.0,0.4762842,126.0,139.0,0.28349927,130.0,114.0,0.53385794,108.0,119.0,0.31470132,113.0,99.0,0.43171054,98.0,101.0,0.47835982
guy3_cobra039_flipped.jpg,123.0,124.0,0.54170394,129.0,117.0,0.6050989,119.0,117.0,0.61223173,142.0,114.0,0.58675236,117.0,115.0,0.2718091,162.0,125.0,0.2996124,118.0,122.0,0.24739814,183.0,133.0,0.50878626,125.0,138.0,0.33552527,176.0,166.0,0.35320157,115.0,160.0,0.6760302,169.0,139.0,0.26264548,152.0,138.0,0.30168957,187.0,126.0,0.26292664,169.0,115.0,0.2950543,204.0,102.0,0.6282742,184.0,101.0,0.30387372
guy3_cobra040.jpg,174.0,123.0,0.71125114,178.0,117.0,0.44740885,168.0,118.0,0.56150484,181.0,112.0,0.344396,154.0,116.0,0.4213267,178.0,120.0,0.64797884,139.0,124.0,0.3431117,175.0,136.0,0.46657014,116.0,135.0,0.48069614,183.0,161.0,0.38262486,123.0,169.0,0.6484418,143.0,140.0,0.4822083,126.0,141.0,0.2780296,131.0,114.0,0.48552942,112.0,121.0,0.16563615,114.0,100.0,0.3552534,99.0,102.0,0.50601757
guy3_cobra040_flipped.jpg,126.0,123.0,0.63538367,133.0,117.0,0.723761,122.0,117.0,0.58672845,146.0,114.0,0.5236923,120.0,114.0,0.29082966,166.0,123.0,0.30482054,119.0,120.0,0.34229302,186.0,134.0,0.54558414,126.0,137.0,0.35081232,177.0,169.0,0.5657715,117.0,160.0,0.6142429,170.0,147.0,0.47928214,152.0,143.0,0.40230906,187.0,127.0,0.17791039,168.0,116.0,0.35293055,202.0,103.0,0.6476487,185.0,100.0,0.3375588
guy3_cobra041.jpg,171.0,122.0,0.61447257,175.0,116.0,0.5963395,165.0,118.0,0.70421463,178.0,111.0,0.28238136,152.0,116.0,0.45295918,176.0,119.0,0.5829561,135.0,124.0,0.27572632,174.0,137.0,0.51145214,116.0,136.0,0.5914547,182.0,162.0,0.43716544,122.0,171.0,0.65033,144.0,144.0,0.46052724,127.0,146.0,0.31174824,130.0,113.0,0.4388717,112.0,123.0,0.20706457,118.0,102.0,0.4108708,100.0,103.0,0.5588392
guy3_cobra041_flipped.jpg,129.0,123.0,0.7095722,135.0,117.0,0.6431695,125.0,116.0,0.71581054,148.0,114.0,0.65534055,124.0,114.0,0.6435361,169.0,122.0,0.5078109,121.0,120.0,0.50852245,186.0,137.0,0.7924218,127.0,138.0,0.5003081,179.0,170.0,0.67159283,118.0,162.0,0.92222816,172.0,148.0,0.6607996,154.0,144.0,0.44566378,186.0,128.0,0.21102083,169.0,114.0,0.60226136,201.0,103.0,0.775398,183.0,100.0,0.57996017
guy3_cobra042.jpg,167.0,122.0,0.5757889,172.0,116.0,0.42461216,161.0,118.0,0.5730778,175.0,112.0,0.422283,149.0,115.0,0.41801894,174.0,118.0,0.5599306,131.0,123.0,0.31560153,172.0,137.0,0.42916358,114.0,137.0,0.64050275,180.0,161.0,0.41723686,119.0,171.0,0.7927959,146.0,147.0,0.5530384,125.0,145.0,0.3345822,130.0,116.0,0.3729158,112.0,122.0,0.18628407,121.0,101.0,0.32090133,100.0,104.0,0.43411803
guy3_cobra042_flipped.jpg,133.0,124.0,0.6188353,139.0,118.0,0.77267236,129.0,118.0,0.63621366,152.0,115.0,0.5765575,127.0,114.0,0.65463763,171.0,123.0,0.6316236,123.0,119.0,0.5912009,187.0,137.0,0.7660984,129.0,136.0,0.5825483,181.0,169.0,0.5612029,121.0,162.0,0.773262,173.0,150.0,0.60114986,155.0,147.0,0.4928051,186.0,129.0,0.23749724,169.0,119.0,0.38254398,200.0,104.0,0.7009631,180.0,103.0,0.46234694
guy3_cobra043.jpg,165.0,123.0,0.52167404,169.0,117.0,0.5800407,159.0,118.0,0.44801214,173.0,113.0,0.45110184,146.0,116.0,0.3581534,172.0,119.0,0.5477312,130.0,125.0,0.22867298,171.0,138.0,0.42992732,113.0,140.0,0.6766898,179.0,164.0,0.46762046,118.0,172.0,0.5368172,143.0,145.0,0.47653243,123.0,145.0,0.39217275,131.0,113.0,0.27997184,112.0,122.0,0.20023999,119.0,102.0,0.24393359,101.0,104.0,0.3881815
guy3_cobra043_flipped.jpg,136.0,124.0,0.67917854,142.0,118.0,0.77690005,131.0,117.0,0.7489574,154.0,114.0,0.52417433,128.0,114.0,0.47843352,172.0,124.0,0.4633011,125.0,120.0,0.44397008,187.0,140.0,0.69623816,131.0,138.0,0.47469133,182.0,171.0,0.54481316,121.0,165.0,0.74366444,175.0,149.0,0.52013475,156.0,147.0,0.40040994,183.0,124.0,0.22866666,170.0,115.0,0.4729322,197.0,104.0,0.5467855,182.0,100.0,0.53046715
guy3_cobra044.jpg,161.0,124.0,0.6038687,166.0,118.0,0.45624357,155.0,119.0,0.6260161,171.0,114.0,0.43927374,144.0,116.0,0.37842757,170.0,121.0,0.5553632,127.0,126.0,0.34444082,170.0,141.0,0.446558,112.0,141.0,0.5905758,178.0,166.0,0.47815207,117.0,172.0,0.63791245,142.0,146.0,0.5003479,122.0,146.0,0.334244,135.0,114.0,0.12783962,114.0,122.0,0.27494878,122.0,104.0,0.16837105,102.0,106.0,0.45706195
guy3_cobra044_flipped.jpg,138.0,124.0,0.7003639,144.0,118.0,0.6022724,133.0,117.0,0.49210364,156.0,113.0,0.47647396,130.0,113.0,0.47523737,174.0,124.0,0.52076715,127.0,120.0,0.69939876,188.0,142.0,0.70299166,133.0,139.0,0.60870683,183.0,172.0,0.59728616,123.0,165.0,0.43674427,176.0,150.0,0.36149514,156.0,147.0,0.3806842,184.0,122.0,0.25467098,170.0,115.0,0.4183388,196.0,105.0,0.6530609,179.0,102.0,0.49432573
guy3_cobra045.jpg,159.0,123.0,0.5012699,164.0,118.0,0.46374467,154.0,119.0,0.6520937,168.0,114.0,0.39305758,141.0,115.0,0.40863055,170.0,121.0,0.7229525,123.0,125.0,0.36956722,169.0,142.0,0.545002,112.0,142.0,0.7043492,177.0,168.0,0.58688647,116.0,173.0,0.60477144,143.0,148.0,0.54641324,123.0,148.0,0.39530262,130.0,116.0,0.16901073,117.0,121.0,0.30813166,124.0,105.0,0.14784196,105.0,107.0,0.33054864
guy3_cobra045_flipped.jpg,140.0,124.0,0.506172,146.0,118.0,0.75827587,136.0,118.0,0.6520994,158.0,113.0,0.44512698,133.0,114.0,0.4897205,176.0,125.0,0.565809,129.0,121.0,0.5436107,189.0,142.0,0.6851765,132.0,141.0,0.54122967,185.0,173.0,0.7498858,123.0,168.0,0.6218163,177.0,151.0,0.5554097,158.0,150.0,0.45740262,183.0,121.0,0.341097,170.0,116.0,0.24824736,195.0,106.0,0.57648903,179.0,103.0,0.33573538
guy3_cobra046.jpg,157.0,124.0,0.6505523,162.0,118.0,0.40854007,151.0,119.0,0.62391627,165.0,114.0,0.36720684,140.0,116.0,0.4316758,169.0,122.0,0.6957131,121.0,127.0,0.5396998,167.0,142.0,0.5936952,111.0,144.0,0.6461044,176.0,168.0,0.4943443,115.0,174.0,0.63638353,143.0,151.0,0.5166464,122.0,151.0,0.35583806,135.0,115.0,0.14598373,116.0,124.0,0.23443297,125.0,104.0,0.20462593,107.0,107.0,0.47147372
guy3_cobra046_flipped.jpg,143.0,126.0,0.7276242,148.0,119.0,0.75332296,138.0,119.0,0.71850044,160.0,116.0,0.45674232,135.0,114.0,0.519283,179.0,125.0,0.7385862,130.0,122.0,0.5778388,189.0,144.0,0.75317264,133.0,141.0,0.8775736,186.0,173.0,0.7555187,124.0,168.0,0.7433625,176.0,154.0,0.6266219,154.0,152.0,0.50051,183.0,122.0,0.67143106,168.0,117.0,0.24866056,195.0,108.0,0.71208584,176.0,106.0,0.36856753
guy3_cobra047.jpg,156.0,125.0,0.6554472,160.0,119.0,0.6150896,150.0,120.0,0.62818176,164.0,114.0,0.36057496,139.0,116.0,0.3026641,167.0,122.0,0.6045869,121.0,127.0,0.45836025,168.0,142.0,0.54089814,111.0,144.0,0.7011932,175.0,170.0,0.57181096,115.0,176.0,0.59074944,144.0,151.0,0.523,122.0,152.0,0.32332456,133.0,116.0,0.11393654,119.0,122.0,0.259093,125.0,107.0,0.18425423,109.0,107.0,0.4289407
guy3_cobra047_flipped.jpg,145.0,126.0,0.73968697,151.0,120.0,0.673409,140.0,120.0,0.6341705,163.0,116.0,0.51763064,137.0,115.0,0.44330904,180.0,125.0,0.5518087,131.0,123.0,0.8151651,190.0,145.0,0.8451985,132.0,142.0,0.85451865,186.0,176.0,0.799357,126.0,169.0,0.90287197,177.0,153.0,0.54269093,153.0,152.0,0.38162544,184.0,122.0,0.554786,165.0,116.0,0.28082383,191.0,108.0,0.66950697,172.0,109.0,0.27252036
guy3_cobra048_flipped.jpg,147.0,128.0,0.6930693,152.0,121.0,0.6971229,142.0,121.0,0.51204854,164.0,118.0,0.63101333,139.0,118.0,0.5925057,181.0,127.0,0.72716415,132.0,125.0,0.8021227,191.0,146.0,0.72748435,132.0,143.0,0.8179266,187.0,175.0,0.6317942,126.0,171.0,0.8827803,177.0,157.0,0.7309904,155.0,156.0,0.64596003,185.0,129.0,0.38511094,169.0,120.0,0.28417373,191.0,110.0,0.61002964,174.0,111.0,0.2066823
guy3_cobra049.jpg,153.0,128.0,0.6173937,157.0,122.0,0.5365126,147.0,122.0,0.5176895,161.0,117.0,0.47160363,136.0,118.0,0.5379425,167.0,123.0,0.66959226,120.0,128.0,0.3722221,168.0,145.0,0.76655805,111.0,146.0,0.86753047,174.0,173.0,0.7343632,112.0,176.0,0.7316117,143.0,153.0,0.5356272,122.0,153.0,0.48827899,130.0,127.0,0.12648493,118.0,124.0,0.35656118,130.0,113.0,0.11155918,112.0,111.0,0.276291
guy3_cobra049_flipped.jpg,147.0,128.0,0.7588777,153.0,122.0,0.70470536,143.0,121.0,0.82372236,165.0,117.0,0.5834216,140.0,117.0,0.51135653,181.0,127.0,0.75388104,133.0,124.0,0.6693559,190.0,147.0,0.8599598,133.0,145.0,0.84278536,187.0,176.0,0.71471375,126.0,172.0,0.7812897,178.0,157.0,0.6152318,155.0,155.0,0.43559963,183.0,125.0,0.39094517,169.0,121.0,0.21270102,188.0,109.0,0.6800113,171.0,112.0,0.31187838
guy3_cobra050_flipped.jpg,149.0,129.0,0.6936779,154.0,123.0,0.6768023,144.0,122.0,0.82804227,166.0,118.0,0.65547764,141.0,118.0,0.6741167,181.0,128.0,0.6953328,133.0,125.0,0.7797055,190.0,147.0,0.8915293,132.0,146.0,0.8945399,187.0,177.0,0.7823906,127.0,173.0,0.83268297,178.0,158.0,0.8131739,153.0,158.0,0.6325288,182.0,129.0,0.3886073,164.0,134.0,0.19360492,187.0,110.0,0.61499256,168.0,113.0,0.3318615
guy3_cobra052_flipped.jpg,151.0,132.0,0.74557495,156.0,126.0,0.72502565,146.0,126.0,0.7646792,167.0,121.0,0.54207766,142.0,122.0,0.6469899,181.0,131.0,0.53895885,136.0,129.0,0.81785727,189.0,151.0,0.87710255,133.0,149.0,0.86118925,187.0,179.0,0.79331326,128.0,176.0,0.82538533,176.0,160.0,0.40224364,150.0,160.0,0.4230217,181.0,127.0,0.6676957,164.0,126.0,0.16474396,182.0,114.0,0.6182667,168.0,119.0,0.22725749
guy3_cobra053_flipped.jpg,152.0,133.0,0.7373089,157.0,127.0,0.8110056,147.0,127.0,0.703262,167.0,123.0,0.60114455,142.0,123.0,0.6562443,180.0,135.0,0.54101044,134.0,130.0,0.76617515,189.0,153.0,0.8552705,132.0,150.0,0.90518165,187.0,181.0,0.84930134,127.0,178.0,0.82178545,176.0,160.0,0.55880284,152.0,160.0,0.376775,181.0,129.0,0.50326973,168.0,125.0,0.2756471,181.0,120.0,0.33586323,170.0,121.0,0.14093938
guy3_cobra054_flipped.jpg,152.0,134.0,0.7941276,157.0,128.0,0.8443223,147.0,128.0,0.7945328,167.0,125.0,0.54575783,143.0,124.0,0.56054395,180.0,134.0,0.69298035,134.0,132.0,0.7557221,187.0,154.0,0.85261047,131.0,153.0,0.80649006,187.0,182.0,0.78765386,127.0,180.0,0.87202424,175.0,164.0,0.78381044,151.0,163.0,0.6387833,181.0,133.0,0.43775928,169.0,129.0,0.15845421,179.0,121.0,0.3815221,169.0,122.0,0.29173374
guy3_cobra055_flipped.jpg,152.0,136.0,0.77538216,158.0,130.0,0.72966397,148.0,130.0,0.70554835,167.0,126.0,0.65115064,142.0,125.0,0.7133455,181.0,136.0,0.6658509,133.0,133.0,0.862945,187.0,155.0,0.8354095,130.0,154.0,0.8644289,187.0,184.0,0.73241913,126.0,182.0,0.84955925,175.0,165.0,0.7770397,152.0,165.0,0.6159987,182.0,137.0,0.4557765,163.0,140.0,0.10215831,176.0,118.0,0.46385655,169.0,123.0,0.28592113
guy3_cobra056_flipped.jpg,153.0,137.0,0.75927895,158.0,131.0,0.702919,148.0,131.0,0.7517848,167.0,127.0,0.50330037,142.0,127.0,0.546183,181.0,137.0,0.7902258,133.0,135.0,0.8025702,186.0,158.0,0.76856244,129.0,155.0,0.77270985,186.0,185.0,0.87974215,126.0,182.0,0.82599735,174.0,167.0,0.83364105,149.0,168.0,0.67413986,185.0,149.0,0.18918929,162.0,145.0,0.16807115,180.0,128.0,0.19692719,170.0,124.0,0.24964261
guy3_cobra057_flipped.jpg,153.0,139.0,0.62347496,158.0,133.0,0.6890927,148.0,133.0,0.7975421,167.0,129.0,0.6009902,142.0,129.0,0.79424727,179.0,138.0,0.74534297,132.0,136.0,0.80860496,185.0,159.0,0.8654677,129.0,157.0,0.663454,185.0,185.0,0.857629,125.0,185.0,0.7836012,173.0,169.0,0.847023,149.0,170.0,0.7955092,182.0,153.0,0.28999317,162.0,150.0,0.22198042,183.0,151.0,0.1652348,165.0,129.0,0.15762946
guy3_cobra058_flipped.jpg,153.0,140.0,0.71172327,159.0,135.0,0.72733414,148.0,134.0,0.58689857,167.0,132.0,0.68273485,141.0,131.0,0.73751354,178.0,140.0,0.8017262,131.0,139.0,0.77637553,185.0,162.0,0.7391938,128.0,160.0,0.8780287,184.0,188.0,0.74535763,125.0,187.0,0.7167285,171.0,170.0,0.80269384,146.0,170.0,0.69171005,181.0,153.0,0.32604167,155.0,150.0,0.11259925,179.0,142.0,0.12003511,160.0,133.0,0.122832775
guy3_cobra061.jpg,147.0,145.0,0.6489432,152.0,140.0,0.65363276,142.0,140.0,0.7525771,161.0,136.0,0.6148333,135.0,137.0,0.66710925,170.0,145.0,0.7909527,124.0,146.0,0.67668384,176.0,165.0,0.5928612,120.0,166.0,0.78463244,178.0,192.0,0.7495624,117.0,193.0,0.7294777,160.0,173.0,0.74551713,136.0,174.0,0.7485435,162.0,150.0,0.28001583,141.0,152.0,0.17536265,165.0,147.0,0.11298525,144.0,150.0,0.12592474
guy3_cobra062_flipped.jpg,153.0,148.0,0.4722619,157.0,143.0,0.7619788,147.0,142.0,0.65321577,163.0,139.0,0.47954124,139.0,137.0,0.639637,175.0,147.0,0.8029268,127.0,146.0,0.6886982,180.0,168.0,0.85487664,123.0,168.0,0.7842971,182.0,194.0,0.9296095,122.0,195.0,0.8770622,163.0,176.0,0.79481184,138.0,176.0,0.7864651,166.0,150.0,0.1881741,139.0,153.0,0.23659909,170.0,144.0,0.1306634,139.0,152.0,0.135802
guy3_cobra063.jpg,148.0,149.0,0.6712238,153.0,144.0,0.6595019,143.0,144.0,0.7799629,162.0,140.0,0.63532144,136.0,141.0,0.5253983,173.0,149.0,0.87469226,127.0,149.0,0.5565673,178.0,171.0,0.54732734,122.0,169.0,0.8393316,180.0,197.0,0.7426454,119.0,196.0,0.7465155,164.0,177.0,0.6767683,139.0,178.0,0.7138004,169.0,156.0,0.30896264,149.0,157.0,0.16974857,171.0,146.0,0.15809923,151.0,143.0,0.1501095
guy3_cobra064.jpg,148.0,151.0,0.69410986,153.0,146.0,0.61047775,143.0,146.0,0.6980418,162.0,142.0,0.6392572,137.0,143.0,0.6350024,174.0,150.0,0.6869023,127.0,151.0,0.67378587,179.0,171.0,0.78009367,123.0,170.0,0.74646103,180.0,200.0,0.6216713,119.0,198.0,0.7077886,163.0,179.0,0.72395945,140.0,180.0,0.7612361,168.0,156.0,0.23777947,148.0,158.0,0.11399257,171.0,146.0,0.1567339,152.0,145.0,0.17359546
guy3_cobra064_flipped.jpg,153.0,151.0,0.59781563,157.0,146.0,0.7816655,147.0,146.0,0.72813904,162.0,143.0,0.5657532,138.0,141.0,0.6821464,173.0,151.0,0.7537095,126.0,150.0,0.6401158,178.0,171.0,0.79995686,121.0,172.0,0.915403,180.0,198.0,0.7451779,120.0,200.0,0.777103,162.0,180.0,0.7819637,137.0,180.0,0.7755474,164.0,151.0,0.122100234,138.0,154.0,0.20284805,165.0,148.0,0.18456501,135.0,133.0,0.31620646
guy3_cobra065.jpg,147.0,153.0,0.6720757,153.0,147.0,0.8732696,143.0,147.0,0.80734324,163.0,143.0,0.5687252,137.0,143.0,0.627887,176.0,152.0,0.6917795,128.0,152.0,0.79272425,181.0,174.0,0.8492651,124.0,172.0,0.8152762,182.0,202.0,0.7166629,120.0,200.0,0.8027054,167.0,180.0,0.72049266,143.0,180.0,0.6955792,174.0,152.0,0.32164216,128.0,153.0,0.28532925,170.0,134.0,0.380688,155.0,143.0,0.12025213
guy3_cobra065_flipped.jpg,153.0,153.0,0.6318658,157.0,147.0,0.5770674,148.0,148.0,0.5084697,162.0,143.0,0.64593536,138.0,143.0,0.6073632,173.0,152.0,0.69113594,126.0,150.0,0.7505458,177.0,172.0,0.716999,120.0,174.0,0.70437384,180.0,199.0,0.8582717,119.0,201.0,0.8031467,160.0,183.0,0.778375,135.0,182.0,0.8052696,158.0,166.0,0.22262177,135.0,160.0,0.14687249,162.0,148.0,0.11478615,131.0,133.0,0.511908
guy3_cobra066.jpg,147.0,156.0,0.73827696,153.0,150.0,0.67066455,143.0,150.0,0.6148995,163.0,146.0,0.6738288,138.0,146.0,0.603216,176.0,153.0,0.75561154,128.0,154.0,0.6100386,181.0,177.0,0.64910233,126.0,174.0,0.8974512,182.0,205.0,0.8978792,121.0,202.0,0.82504773,167.0,183.0,0.7260238,142.0,183.0,0.7071304,172.0,155.0,0.18226314,128.0,154.0,0.28828645,171.0,137.0,0.43724674,152.0,147.0,0.1035468
guy3_cobra067.jpg,148.0,158.0,0.509702,153.0,152.0,0.8215946,143.0,152.0,0.74494725,164.0,148.0,0.5733039,139.0,149.0,0.58803815,177.0,155.0,0.84525084,129.0,156.0,0.7236736,184.0,179.0,0.63879025,126.0,175.0,0.86713046,184.0,206.0,0.82339144,122.0,204.0,0.82223916,168.0,185.0,0.6662247,143.0,186.0,0.67530346,175.0,157.0,0.17121592,150.0,164.0,0.12382448,174.0,144.0,0.24517077,152.0,149.0,0.12299803
guy3_cobra068.jpg,148.0,159.0,0.6165479,153.0,153.0,0.7727014,143.0,153.0,0.5865425,164.0,147.0,0.66856444,138.0,149.0,0.54592645,177.0,158.0,0.7615684,131.0,159.0,0.6728116,185.0,180.0,0.6676104,127.0,177.0,0.7621145,185.0,208.0,0.80499804,122.0,205.0,0.7184169,170.0,187.0,0.5359187,145.0,188.0,0.4672227,177.0,155.0,0.44133887,130.0,158.0,0.45085022,177.0,138.0,0.39436257,163.0,146.0,0.24022666
guy3_cobra070.jpg,148.0,164.0,0.7058146,153.0,158.0,0.6496966,143.0,158.0,0.69619995,164.0,152.0,0.5271458,139.0,153.0,0.59334826,179.0,162.0,0.69052064,132.0,162.0,0.8354895,187.0,183.0,0.7823681,130.0,182.0,0.82113624,186.0,213.0,0.7464437,125.0,210.0,0.86637205,173.0,191.0,0.7171155,149.0,192.0,0.67745715,179.0,159.0,0.5612334,160.0,171.0,0.12347597,181.0,145.0,0.47878718,163.0,152.0,0.1386174
guy3_cobra070_flipped.jpg,152.0,163.0,0.7391965,156.0,157.0,0.86020756,147.0,158.0,0.7884085,160.0,153.0,0.6179527,136.0,152.0,0.6313789,170.0,161.0,0.76246166,120.0,160.0,0.7860452,172.0,182.0,0.8902181,114.0,183.0,0.8691462,176.0,209.0,0.90640354,115.0,213.0,0.7041327,154.0,191.0,0.7366507,128.0,191.0,0.6872372,170.0,157.0,0.20892066,121.0,158.0,0.6911408,130.0,143.0,0.40599024,118.0,145.0,0.37395924
guy3_cobra071.jpg,147.0,165.0,0.7484091,153.0,159.0,0.87531304,143.0,159.0,0.781484,164.0,154.0,0.6537985,138.0,154.0,0.5333293,180.0,164.0,0.5657033,133.0,164.0,0.759577,187.0,186.0,0.7413745,131.0,184.0,0.79417765,186.0,216.0,0.83934855,124.0,212.0,0.7646934,174.0,194.0,0.64260644,151.0,194.0,0.59473026,181.0,160.0,0.540031,165.0,159.0,0.16811115,183.0,152.0,0.18284014,166.0,152.0,0.23251972
guy3_cobra072.jpg,148.0,168.0,0.5905948,153.0,162.0,0.7879521,142.0,162.0,0.52532315,164.0,156.0,0.6686475,138.0,157.0,0.3850089,178.0,167.0,0.6739911,133.0,167.0,0.7386737,188.0,189.0,0.6440917,132.0,186.0,0.7835846,186.0,219.0,0.57383657,125.0,214.0,0.6966486,175.0,198.0,0.57786715,151.0,197.0,0.38847134,180.0,165.0,0.504069,164.0,163.0,0.109550714,185.0,153.0,0.2007091,168.0,154.0,0.20987797
guy3_cobra072_flipped.jpg,153.0,167.0,0.5711076,158.0,161.0,0.73107153,148.0,162.0,0.7521144,161.0,156.0,0.72006565,136.0,155.0,0.57552004,170.0,164.0,0.8754188,118.0,166.0,0.6948656,170.0,187.0,0.73675656,113.0,189.0,0.8879732,175.0,213.0,0.5902552,114.0,218.0,0.92585784,146.0,193.0,0.53897643,123.0,192.0,0.42528588,139.0,169.0,0.2795117,118.0,163.0,0.6603628,136.0,153.0,0.16513419,113.0,149.0,0.40327036
guy3_cobra073.jpg,147.0,169.0,0.66883755,153.0,163.0,0.84927243,142.0,163.0,0.81607234,165.0,158.0,0.60207456,138.0,159.0,0.49613872,181.0,168.0,0.61914134,133.0,168.0,0.85401034,190.0,191.0,0.80780685,132.0,187.0,0.788588,187.0,220.0,0.8544364,126.0,216.0,0.74823105,176.0,199.0,0.65202725,151.0,198.0,0.5846249,183.0,165.0,0.6237041,166.0,164.0,0.20675895,185.0,158.0,0.21516389,169.0,156.0,0.30602828
guy3_cobra073_flipped.jpg,153.0,170.0,0.74598056,158.0,164.0,0.6761869,148.0,164.0,0.7144867,160.0,159.0,0.5491674,136.0,158.0,0.58700293,170.0,165.0,0.91079164,117.0,169.0,0.6607686,169.0,188.0,0.7873781,111.0,190.0,0.8621973,175.0,215.0,0.71578467,113.0,220.0,0.7026299,146.0,194.0,0.52236354,122.0,195.0,0.37240008,137.0,171.0,0.36892083,118.0,168.0,0.72638273,127.0,150.0,0.41391528,109.0,151.0,0.59973186
guy3_cobra074.jpg,147.0,171.0,0.6483469,153.0,165.0,0.76442194,142.0,165.0,0.40299493,165.0,160.0,0.57496154,138.0,161.0,0.3810656,180.0,171.0,0.76485956,134.0,170.0,0.76356757,191.0,191.0,0.62767094,134.0,189.0,0.6045549,188.0,223.0,0.74812156,127.0,217.0,0.64451766,177.0,200.0,0.49596164,155.0,198.0,0.44897982,183.0,167.0,0.5676149,167.0,164.0,0.18986037,191.0,155.0,0.53663045,175.0,156.0,0.19892183
guy3_cobra074_flipped.jpg,153.0,171.0,0.71807253,158.0,165.0,0.71962583,148.0,166.0,0.8112072,160.0,161.0,0.53914857,135.0,160.0,0.61683804,168.0,168.0,0.837088,116.0,169.0,0.6508151,168.0,190.0,0.6527253,110.0,192.0,0.818828,174.0,217.0,0.6890991,113.0,222.0,0.8134049,145.0,196.0,0.5270024,123.0,197.0,0.4807923,138.0,169.0,0.1980916,116.0,169.0,0.5182005,135.0,158.0,0.122704506,106.0,155.0,0.7179162
guy3_cobra075_flipped.jpg,154.0,174.0,0.73588634,158.0,167.0,0.6181448,148.0,168.0,0.7175544,161.0,163.0,0.5903456,136.0,163.0,0.42253995,168.0,169.0,0.6779904,116.0,174.0,0.68046653,167.0,193.0,0.6585267,109.0,194.0,0.9016777,175.0,220.0,0.6260659,113.0,225.0,0.914778,145.0,202.0,0.5355582,122.0,202.0,0.5809338,135.0,175.0,0.33966637,116.0,172.0,0.46925294,132.0,159.0,0.14702326,105.0,155.0,0.55737305
guy3_cobra076.jpg,146.0,176.0,0.52594674,152.0,169.0,0.618572,141.0,169.0,0.5912492,164.0,165.0,0.5279813,137.0,165.0,0.40251952,180.0,176.0,0.42120776,134.0,174.0,0.625328,192.0,198.0,0.40788478,135.0,195.0,0.61299074,189.0,228.0,0.5008265,127.0,221.0,0.6952657,178.0,208.0,0.43425283,155.0,206.0,0.32077613,184.0,174.0,0.4248713,168.0,171.0,0.1265285,191.0,164.0,0.17738667,182.0,158.0,0.27038878
guy3_cobra076_flipped.jpg,154.0,176.0,0.53027683,158.0,169.0,0.48850578,148.0,170.0,0.7945434,160.0,165.0,0.6048119,136.0,164.0,0.620093,167.0,170.0,0.8942349,114.0,175.0,0.65685105,166.0,194.0,0.7294109,107.0,197.0,0.84026587,173.0,220.0,0.8951094,112.0,227.0,0.8709741,144.0,202.0,0.57034177,119.0,202.0,0.350055,134.0,176.0,0.30000302,113.0,177.0,0.463686,119.0,156.0,0.4366669,103.0,159.0,0.6490418
guy3_cobra078.jpg,145.0,179.0,0.63010967,151.0,173.0,0.5424922,141.0,173.0,0.36093053,163.0,169.0,0.604662,137.0,168.0,0.3067657,182.0,181.0,0.57819927,135.0,177.0,0.5282973,193.0,199.0,0.52590454,137.0,198.0,0.7113042,189.0,232.0,0.72630036,128.0,225.0,0.5512165,180.0,209.0,0.40993214,156.0,208.0,0.38528818,194.0,178.0,0.2700654,174.0,175.0,0.11883128,202.0,164.0,0.45769092,189.0,163.0,0.37211636
guy3_cobra078_flipped.jpg,155.0,179.0,0.65521705,159.0,173.0,0.47850034,149.0,173.0,0.7292198,161.0,170.0,0.67927045,136.0,168.0,0.7516346,166.0,176.0,0.81881046,115.0,179.0,0.53888535,165.0,198.0,0.60481715,106.0,200.0,0.9015548,173.0,225.0,0.78958356,111.0,233.0,0.8238605,142.0,207.0,0.56425714,120.0,207.0,0.66703045,128.0,180.0,0.27419823,107.0,186.0,0.24422449,114.0,162.0,0.3493523,97.0,162.0,0.6890403
guy3_cobra079.jpg,145.0,180.0,0.55256456,150.0,174.0,0.64180535,140.0,174.0,0.6175524,163.0,170.0,0.61373293,137.0,171.0,0.2538721,181.0,182.0,0.585624,135.0,179.0,0.7054468,194.0,203.0,0.5261389,137.0,201.0,0.5790485,189.0,235.0,0.685393,128.0,227.0,0.6452725,180.0,212.0,0.5029477,154.0,212.0,0.33269858,196.0,180.0,0.13706532,172.0,180.0,0.10029763,202.0,169.0,0.14798486,189.0,167.0,0.20915854
guy3_cobra080.jpg,144.0,182.0,0.6282724,150.0,176.0,0.45885366,139.0,176.0,0.56228834,163.0,172.0,0.5491926,137.0,172.0,0.23561794,181.0,184.0,0.43588144,135.0,181.0,0.5829403,195.0,203.0,0.59241015,137.0,201.0,0.5413212,189.0,237.0,0.80156076,128.0,229.0,0.4223789,179.0,219.0,0.41682214,155.0,213.0,0.22496402,198.0,185.0,0.17799127,178.0,179.0,0.19741914,195.0,166.0,0.32524067,189.0,170.0,0.20802855
guy3_cobra082.jpg,142.0,185.0,0.680794,148.0,179.0,0.6207263,138.0,178.0,0.66011643,161.0,175.0,0.55258286,136.0,176.0,0.17984897,180.0,188.0,0.42515713,135.0,184.0,0.7156664,196.0,207.0,0.3127845,139.0,206.0,0.4652691,189.0,242.0,0.62255144,128.0,232.0,0.62467134,180.0,222.0,0.38417053,158.0,218.0,0.2771322,201.0,192.0,0.26998246,176.0,186.0,0.12415749,211.0,174.0,0.61530954,195.0,171.0,0.21237388
guy3_cobra082_flipped.jpg,158.0,185.0,0.46132278,162.0,179.0,0.4661389,152.0,180.0,0.76913667,165.0,176.0,0.3856584,139.0,176.0,0.69530886,166.0,183.0,0.77956843,119.0,188.0,0.50221276,163.0,208.0,0.43351278,105.0,208.0,0.6828666,172.0,233.0,0.62767804,112.0,242.0,0.7118132,139.0,216.0,0.41070926,117.0,218.0,0.4564516,118.0,184.0,0.16111532,101.0,192.0,0.2688625,104.0,170.0,0.2267426,89.0,173.0,0.4967075
guy3_cobra083.jpg,141.0,187.0,0.48474693,146.0,180.0,0.82599705,136.0,180.0,0.5184466,160.0,177.0,0.5752382,135.0,177.0,0.17995182,179.0,190.0,0.4617037,135.0,186.0,0.5175818,197.0,210.0,0.50398165,138.0,208.0,0.5463889,189.0,244.0,0.61436725,128.0,233.0,0.6390274,181.0,224.0,0.41732675,158.0,221.0,0.29216152,202.0,194.0,0.1649166,180.0,187.0,0.21108699,214.0,175.0,0.6875917,201.0,171.0,0.49739847
guy3_cobra083_flipped.jpg,159.0,187.0,0.5753749,164.0,180.0,0.4751268,153.0,181.0,0.6876899,165.0,177.0,0.2921636,139.0,178.0,0.52165675,165.0,185.0,0.60639995,118.0,190.0,0.38320896,163.0,209.0,0.3512818,104.0,210.0,0.60310996,173.0,234.0,0.5834825,111.0,244.0,0.80823874,136.0,214.0,0.36590326,116.0,214.0,0.3104112,116.0,183.0,0.19909301,100.0,188.0,0.15672356,99.0,171.0,0.22031525,85.0,174.0,0.5066296
guy3_cobra084.jpg,140.0,188.0,0.678147,146.0,182.0,0.6210395,136.0,181.0,0.6618683,160.0,178.0,0.43805858,134.0,179.0,0.18803048,180.0,192.0,0.5135713,134.0,187.0,0.48734334,197.0,212.0,0.44093013,138.0,209.0,0.6177187,188.0,247.0,0.6974196,128.0,235.0,0.6355021,184.0,227.0,0.4479767,162.0,220.0,0.36104223,205.0,196.0,0.21523628,182.0,190.0,0.31548935,217.0,178.0,0.3476218,200.0,175.0,0.29638946
guy3_cobra084_flipped.jpg,161.0,188.0,0.6558757,165.0,182.0,0.6646399,154.0,182.0,0.5627484,165.0,179.0,0.23945943,140.0,179.0,0.51763874,166.0,188.0,0.67772114,118.0,191.0,0.6084577,162.0,210.0,0.36557427,104.0,212.0,0.6876775,172.0,235.0,0.6409199,112.0,246.0,0.7618679,136.0,220.0,0.36855823,115.0,219.0,0.26696622,114.0,187.0,0.23992535,97.0,192.0,0.21104226,97.0,174.0,0.2451948,85.0,173.0,0.5156569
guy3_cobra085.jpg,139.0,189.0,0.6214236,145.0,183.0,0.7382921,135.0,182.0,0.44276822,159.0,179.0,0.5984023,134.0,179.0,0.14341497,178.0,194.0,0.2878892,136.0,190.0,0.27512565,198.0,213.0,0.43204424,139.0,211.0,0.6012616,188.0,248.0,0.4222846,129.0,237.0,0.68764997,183.0,229.0,0.39685124,162.0,221.0,0.32060933,205.0,199.0,0.22463873,181.0,192.0,0.22995076,219.0,181.0,0.56908727,201.0,179.0,0.24561942
guy3_cobra085_flipped.jpg,162.0,190.0,0.58892244,166.0,183.0,0.6513299,155.0,184.0,0.65246266,167.0,180.0,0.24092823,141.0,181.0,0.5469782,165.0,189.0,0.62852144,120.0,195.0,0.4608392,163.0,210.0,0.32619593,105.0,214.0,0.6969412,172.0,237.0,0.7779849,113.0,247.0,0.78412485,135.0,219.0,0.3769359,115.0,219.0,0.2013095,115.0,189.0,0.22646621,97.0,196.0,0.16946149,97.0,177.0,0.21063372,82.0,178.0,0.4204319
guy3_cobra086.jpg,137.0,191.0,0.6828823,144.0,185.0,0.7389424,134.0,184.0,0.43885472,158.0,181.0,0.6632464,133.0,182.0,0.10010785,178.0,196.0,0.38473806,137.0,193.0,0.21092185,198.0,216.0,0.48544842,138.0,215.0,0.5507999,188.0,251.0,0.7276684,128.0,240.0,0.65042245,182.0,233.0,0.4845598,162.0,226.0,0.35652387,207.0,201.0,0.22396389,183.0,195.0,0.21693319,220.0,184.0,0.39497396,202.0,183.0,0.15994877
guy3_cobra086_flipped.jpg,163.0,191.0,0.60959935,166.0,184.0,0.7742418,156.0,185.0,0.704804,167.0,182.0,0.32010502,142.0,181.0,0.6012408,164.0,192.0,0.5275484,120.0,196.0,0.39956686,162.0,213.0,0.44560334,104.0,215.0,0.8054553,172.0,238.0,0.72097707,112.0,249.0,0.8163554,138.0,218.0,0.49809045,116.0,221.0,0.34762114,114.0,190.0,0.37971282,96.0,198.0,0.31089902,98.0,180.0,0.23234454,78.0,182.0,0.60972464
guy3_cobra087.jpg,137.0,192.0,0.7464203,142.0,186.0,0.45137674,133.0,185.0,0.4265672,157.0,182.0,0.7755308,133.0,183.0,0.10811797,176.0,198.0,0.31866378,135.0,194.0,0.18667337,198.0,216.0,0.5294929,138.0,213.0,0.4397988,188.0,251.0,0.5097426,128.0,240.0,0.49812275,184.0,228.0,0.2454212,162.0,225.0,0.2824143,209.0,203.0,0.34323817,183.0,196.0,0.39553523,223.0,187.0,0.33842617,201.0,185.0,0.25610948
guy3_cobra087_flipped.jpg,164.0,192.0,0.661084,167.0,185.0,0.6757427,158.0,186.0,0.47443104,166.0,183.0,0.16741663,142.0,183.0,0.68012613,164.0,193.0,0.6172165,122.0,196.0,0.4413755,162.0,214.0,0.542774,103.0,217.0,0.8170862,172.0,240.0,0.5237305,113.0,251.0,0.79309106,134.0,219.0,0.5280223,114.0,219.0,0.31664526,113.0,192.0,0.375716,92.0,200.0,0.295906,95.0,182.0,0.33726877,80.0,183.0,0.36654204
guy3_cobra088.jpg,134.0,193.0,0.53827894,141.0,187.0,0.81715775,131.0,186.0,0.67157793,156.0,183.0,0.78386414,133.0,183.0,0.40822718,179.0,196.0,0.602288,133.0,194.0,0.37859616,198.0,218.0,0.7030953,138.0,215.0,0.7059847,187.0,254.0,0.7300447,127.0,241.0,0.81651384,183.0,233.0,0.5825683,161.0,229.0,0.46126574,205.0,212.0,0.37913707,185.0,196.0,0.6748286,226.0,187.0,0.7484725,203.0,187.0,0.55212945
guy3_cobra088_flipped.jpg,164.0,193.0,0.7452929,168.0,186.0,0.51859516,159.0,186.0,0.6162519,166.0,184.0,0.26179057,143.0,183.0,0.6146413,163.0,194.0,0.6498279,122.0,198.0,0.33148503,162.0,214.0,0.4251911,104.0,219.0,0.78727645,172.0,240.0,0.7576101,113.0,252.0,0.77108794,135.0,221.0,0.46604747,113.0,224.0,0.29090524,112.0,193.0,0.28828838,93.0,201.0,0.3188632,90.0,182.0,0.20639226,85.0,182.0,0.4230844
guy3_cobra089.jpg,135.0,194.0,0.70317614,140.0,188.0,0.6618352,131.0,187.0,0.6289814,156.0,185.0,0.7450956,133.0,185.0,0.33726507,177.0,199.0,0.47434813,134.0,196.0,0.50614375,199.0,220.0,0.6532099,138.0,217.0,0.695964,187.0,256.0,0.8846398,128.0,243.0,0.7520938,184.0,235.0,0.5970078,162.0,230.0,0.48233828,210.0,209.0,0.39333817,184.0,200.0,0.56161344,228.0,190.0,0.6254722,204.0,189.0,0.36466357
guy3_cobra089_flipped.jpg,167.0,195.0,0.77479494,169.0,188.0,0.5823207,160.0,188.0,0.7934396,165.0,186.0,0.61728644,144.0,185.0,0.67643493,167.0,196.0,0.86278784,120.0,199.0,0.56183374,162.0,217.0,0.64634037,103.0,220.0,0.85591865,172.0,242.0,0.69901717,114.0,254.0,0.9006337,137.0,226.0,0.5770341,113.0,227.0,0.61856,114.0,198.0,0.49512202,92.0,207.0,0.62304854,100.0,189.0,0.28959495,72.0,188.0,0.84319437
guy3_cobra090.jpg,133.0,195.0,0.6545272,140.0,189.0,0.7686055,130.0,188.0,0.69431627,154.0,186.0,0.87640417,134.0,187.0,0.39876017,177.0,200.0,0.58016545,133.0,199.0,0.4417898,198.0,222.0,0.645032,138.0,220.0,0.6653696,186.0,258.0,0.8248462,127.0,245.0,0.7660133,186.0,229.0,0.42725545,164.0,227.0,0.452534,210.0,212.0,0.4629619,188.0,205.0,0.28666973,230.0,192.0,0.87272096,206.0,192.0,0.5367044
guy3_cobra090_flipped.jpg,167.0,195.0,0.75656974,170.0,189.0,0.598881,161.0,189.0,0.78243816,165.0,187.0,0.5736945,145.0,186.0,0.66841483,168.0,197.0,0.8760817,122.0,200.0,0.47143835,162.0,218.0,0.5251113,103.0,221.0,0.9052265,172.0,244.0,0.76993924,114.0,257.0,0.86003053,137.0,227.0,0.5902296,114.0,229.0,0.63003105,114.0,200.0,0.4201358,92.0,210.0,0.56615496,97.0,191.0,0.18741727,79.0,188.0,0.619389
guy3_cobra091.jpg,131.0,196.0,0.6490185,137.0,189.0,0.6956868,128.0,189.0,0.4958249,153.0,187.0,0.80989265,132.0,187.0,0.62243557,176.0,201.0,0.5411581,133.0,200.0,0.5828203,198.0,223.0,0.7818841,137.0,220.0,0.6923983,185.0,259.0,0.8609379,127.0,245.0,0.85555816,185.0,232.0,0.4863363,163.0,230.0,0.49327564,211.0,212.0,0.6060614,189.0,206.0,0.2974626,233.0,194.0,0.79458106,208.0,193.0,0.6733202
guy3_cobra091_flipped.jpg,169.0,196.0,0.67913604,171.0,189.0,0.5829939,163.0,190.0,0.86878455,166.0,188.0,0.66007257,146.0,187.0,0.8112502,167.0,199.0,0.61076987,121.0,201.0,0.5511435,161.0,220.0,0.6351899,103.0,223.0,0.930526,172.0,245.0,0.76258904,114.0,259.0,0.7880466,136.0,229.0,0.5448821,113.0,232.0,0.66536725,112.0,201.0,0.36141497,92.0,210.0,0.493909,92.0,191.0,0.3563751,80.0,189.0,0.73729485
guy3_cobra092.jpg,130.0,197.0,0.8621224,137.0,190.0,0.65594214,128.0,190.0,0.6936778,152.0,188.0,0.81251353,132.0,188.0,0.6179493,176.0,203.0,0.67123157,132.0,200.0,0.5834518,198.0,225.0,0.72443366,138.0,222.0,0.7616894,185.0,261.0,0.90957284,126.0,247.0,0.68805766,186.0,234.0,0.5619907,163.0,232.0,0.52735704,213.0,214.0,0.60692704,191.0,208.0,0.3309198,235.0,196.0,0.6950447,209.0,196.0,0.5286903
guy3_cobra092_flipped.jpg,170.0,198.0,0.8260292,173.0,190.0,0.78542554,164.0,191.0,0.8228489,168.0,189.0,0.66352165,147.0,188.0,0.88530535,169.0,200.0,0.7133139,123.0,202.0,0.63391113,162.0,221.0,0.60978127,103.0,225.0,0.8818717,172.0,247.0,0.7482025,115.0,261.0,0.8565572,136.0,231.0,0.55048704,113.0,230.0,0.6316213,106.0,204.0,0.38416013,87.0,212.0,0.6433358,82.0,190.0,0.58598953,67.0,194.0,0.842728
guy3_cobra093.jpg,129.0,198.0,0.7748798,135.0,191.0,0.86163473,127.0,191.0,0.7316259,151.0,189.0,0.86300164,132.0,189.0,0.6486197,176.0,203.0,0.6168407,132.0,202.0,0.56111354,198.0,227.0,0.7541219,138.0,224.0,0.70365995,183.0,263.0,0.8823078,126.0,248.0,0.8237769,186.0,234.0,0.3490876,163.0,232.0,0.43175167,215.0,214.0,0.4982244,190.0,213.0,0.30123836,235.0,198.0,0.64874136,210.0,196.0,0.39393565
guy3_cobra093_flipped.jpg,172.0,198.0,0.8592695,173.0,190.0,0.6089527,165.0,192.0,0.63310254,167.0,189.0,0.61972666,149.0,189.0,0.8282709,168.0,200.0,0.79059595,123.0,202.0,0.7223993,162.0,221.0,0.62169486,104.0,226.0,0.85857534,173.0,247.0,0.890499,117.0,261.0,0.90478754,136.0,231.0,0.6216583,114.0,233.0,0.5671644,104.0,206.0,0.4203655,85.0,213.0,0.8191884,85.0,193.0,0.47675872,65.0,196.0,0.8215852
guy3_cobra094.jpg,127.0,199.0,0.7253908,134.0,192.0,0.8550714,125.0,192.0,0.61088204,149.0,190.0,0.9349514,131.0,191.0,0.5848875,174.0,207.0,0.6495867,130.0,204.0,0.620728,197.0,229.0,0.81017655,139.0,226.0,0.7201487,183.0,263.0,0.91581947,126.0,249.0,0.7339116,183.0,237.0,0.5042388,161.0,235.0,0.48644683,214.0,218.0,0.6525253,192.0,216.0,0.35846043,238.0,200.0,0.8948245,213.0,198.0,0.525421
guy3_cobra094_flipped.jpg,173.0,199.0,0.84794194,174.0,192.0,0.8129549,166.0,193.0,0.87783456,169.0,191.0,0.59843856,150.0,190.0,0.8806699,170.0,202.0,0.82536846,125.0,203.0,0.5626892,163.0,224.0,0.7426022,103.0,228.0,0.77482235,174.0,250.0,0.882741,117.0,263.0,0.8352826,135.0,235.0,0.65682244,112.0,235.0,0.6463852,100.0,211.0,0.5835556,84.0,216.0,0.67494506,82.0,194.0,0.40109318,63.0,196.0,0.77413833
guy3_cobra095.jpg,126.0,199.0,0.7504554,133.0,192.0,0.77207756,124.0,192.0,0.6294533,149.0,190.0,0.8550886,128.0,191.0,0.5732485,173.0,208.0,0.5975425,131.0,206.0,0.60539556,196.0,229.0,0.8151015,139.0,226.0,0.7557769,181.0,264.0,0.90212953,126.0,249.0,0.6650132,187.0,233.0,0.4637129,165.0,232.0,0.30451554,219.0,217.0,0.79374623,200.0,209.0,0.55824167,238.0,201.0,0.46671113,220.0,198.0,0.44156963
guy3_cobra095_flipped.jpg,175.0,199.0,0.7942845,177.0,192.0,0.7481807,168.0,193.0,0.8585004,170.0,191.0,0.5839433,152.0,191.0,0.6283125,171.0,204.0,0.75217485,125.0,204.0,0.66196626,163.0,225.0,0.66087306,103.0,228.0,0.8645385,174.0,249.0,0.8145859,118.0,264.0,0.90334415,135.0,236.0,0.6618656,112.0,236.0,0.6723398,102.0,210.0,0.52792776,83.0,218.0,0.79124445,80.0,195.0,0.5547665,60.0,200.0,0.7863587
guy3_cobra096.jpg,124.0,200.0,0.75592613,131.0,193.0,0.81936157,122.0,193.0,0.6055711,147.0,191.0,0.9240444,129.0,192.0,0.5423237,173.0,208.0,0.60231936,131.0,208.0,0.74709797,196.0,231.0,0.85765463,137.0,229.0,0.7705904,181.0,266.0,0.8776465,125.0,251.0,0.85620993,187.0,236.0,0.3941938,163.0,236.0,0.385426,219.0,218.0,0.75974065,201.0,213.0,0.60951054,241.0,204.0,0.86030513,218.0,200.0,0.4865275
guy3_cobra096_flipped.jpg,176.0,199.0,0.87619036,177.0,193.0,0.50107306,169.0,193.0,0.787868,170.0,191.0,0.65474635,153.0,191.0,0.89737,170.0,205.0,0.69224876,127.0,205.0,0.5576538,163.0,226.0,0.64754647,104.0,230.0,0.89989305,174.0,252.0,0.67232287,119.0,266.0,0.9313856,137.0,238.0,0.64908385,114.0,238.0,0.6095178,103.0,211.0,0.41165107,84.0,217.0,0.70762634,76.0,197.0,0.37093997,69.0,198.0,0.6413557
guy3_cobra097.jpg,123.0,200.0,0.7466011,129.0,193.0,0.8574352,121.0,193.0,0.6429656,146.0,191.0,0.92466843,128.0,192.0,0.5010346,173.0,208.0,0.8095033,129.0,207.0,0.65193176,196.0,232.0,0.80873597,137.0,227.0,0.7795094,180.0,266.0,0.89296913,124.0,252.0,0.77267694,186.0,237.0,0.54128253,164.0,237.0,0.41388714,219.0,221.0,0.7705809,200.0,217.0,0.5863258,243.0,206.0,0.87787193,219.0,201.0,0.5255777
guy3_cobra097_flipped.jpg,177.0,200.0,0.78857696,178.0,193.0,0.80394953,170.0,194.0,0.89268357,172.0,192.0,0.596774,154.0,192.0,0.89285725,171.0,205.0,0.63004154,128.0,206.0,0.6110539,164.0,227.0,0.63584876,105.0,232.0,0.93177325,174.0,252.0,0.6789191,120.0,266.0,0.846722,136.0,240.0,0.71064067,114.0,240.0,0.748182,100.0,215.0,0.5834505,81.0,221.0,0.77301574,84.0,200.0,0.4795176,56.0,204.0,0.91053474
guy3_cobra098.jpg,121.0,200.0,0.6468782,128.0,193.0,0.6551467,120.0,193.0,0.5116581,145.0,193.0,0.76097596,126.0,193.0,0.6115049,172.0,208.0,0.70947605,128.0,210.0,0.70792705,194.0,233.0,0.83241856,137.0,230.0,0.7844321,178.0,267.0,0.9591036,124.0,252.0,0.80594516,189.0,235.0,0.58521754,168.0,234.0,0.36410058,219.0,221.0,0.7766534,203.0,216.0,0.6160287,246.0,208.0,0.7658491,224.0,202.0,0.61137927
guy3_cobra098_flipped.jpg,178.0,200.0,0.75905454,180.0,194.0,0.70763093,171.0,194.0,0.81102604,174.0,193.0,0.55514395,155.0,193.0,0.62515014,172.0,207.0,0.64763045,128.0,207.0,0.6341353,164.0,226.0,0.6598643,106.0,233.0,0.81181985,174.0,252.0,0.7735021,121.0,267.0,0.90265155,132.0,238.0,0.6566864,111.0,239.0,0.71983224,100.0,218.0,0.6045412,78.0,222.0,0.8225415,73.0,200.0,0.76760733,52.0,206.0,0.7010053
guy3_cobra099.jpg,121.0,201.0,0.6799742,128.0,194.0,0.6612974,119.0,194.0,0.59179664,144.0,193.0,0.90281624,126.0,193.0,0.6291324,172.0,209.0,0.7600183,127.0,211.0,0.7222053,195.0,235.0,0.7243443,138.0,233.0,0.6804604,178.0,269.0,0.96058404,124.0,254.0,0.5797735,191.0,235.0,0.5835009,168.0,235.0,0.37848866,221.0,223.0,0.653787,205.0,217.0,0.6147487,244.0,208.0,0.5034897,222.0,204.0,0.58585083
guy3_cobra099_flipped.jpg,180.0,201.0,0.69508004,181.0,194.0,0.80863214,173.0,195.0,0.7732274,175.0,193.0,0.6786676,156.0,193.0,0.7220527,174.0,206.0,0.6990093,128.0,208.0,0.68569523,164.0,228.0,0.69688255,106.0,235.0,0.7592608,175.0,253.0,0.7631763,122.0,268.0,0.9453869,131.0,239.0,0.6791114,110.0,240.0,0.7147935,98.0,217.0,0.72643685,79.0,223.0,0.7388761,74.0,203.0,0.61840713,53.0,208.0,0.88709533
guy3_cobra100.jpg,118.0,201.0,0.67685175,125.0,194.0,0.62440056,117.0,193.0,0.7879642,142.0,193.0,0.9356694,125.0,193.0,0.7112678,169.0,211.0,0.7484505,126.0,210.0,0.70728636,193.0,236.0,0.7478737,136.0,233.0,0.7728491,178.0,269.0,0.8880892,122.0,255.0,0.67888725,191.0,235.0,0.72393686,167.0,234.0,0.3925057,225.0,223.0,0.8452083,203.0,218.0,0.51036406,248.0,210.0,0.7543335,217.0,206.0,0.27614033
guy3_cobra100_flipped.jpg,182.0,201.0,0.79791725,183.0,194.0,0.8658651,174.0,195.0,0.8507926,175.0,193.0,0.6617282,157.0,194.0,0.83012235,175.0,207.0,0.7550059,129.0,208.0,0.6846272,165.0,230.0,0.6225246,106.0,236.0,0.9457127,175.0,253.0,0.91384816,123.0,269.0,0.89994895,134.0,241.0,0.6966862,111.0,241.0,0.7489434,99.0,219.0,0.7497734,79.0,226.0,0.6203369,73.0,204.0,0.6423982,53.0,209.0,0.8704792
guy3_cobra101.jpg,117.0,201.0,0.8551203,123.0,194.0,0.8897016,116.0,194.0,0.72785616,141.0,194.0,0.8529806,124.0,193.0,0.6237692,170.0,211.0,0.8134121,127.0,214.0,0.75116503,193.0,237.0,0.6747208,135.0,235.0,0.796922,176.0,270.0,0.8582542,122.0,256.0,0.68841726,190.0,237.0,0.59166425,169.0,237.0,0.42988035,221.0,226.0,0.7340095,203.0,221.0,0.57446605,249.0,211.0,0.8361323,233.0,205.0,0.5589202
guy3_cobra101_flipped.jpg,183.0,202.0,0.77248424,184.0,195.0,0.8303789,176.0,195.0,0.8547323,177.0,194.0,0.68644476,159.0,194.0,0.79660237,174.0,210.0,0.6630137,130.0,210.0,0.71642077,165.0,232.0,0.7702832,106.0,237.0,0.9136923,176.0,255.0,0.7358088,124.0,270.0,0.87919664,131.0,243.0,0.7102674,111.0,243.0,0.7153184,99.0,221.0,0.6854202,78.0,228.0,0.84050095,66.0,205.0,0.70336026,50.0,210.0,0.79606044
guy3_cobra102.jpg,116.0,202.0,0.7736453,122.0,195.0,0.7008729,115.0,195.0,0.66472864,140.0,194.0,0.9197891,123.0,194.0,0.57563144,168.0,211.0,0.80785537,125.0,212.0,0.7602192,193.0,237.0,0.6305407,136.0,234.0,0.86802185,176.0,270.0,0.8590286,122.0,256.0,0.865617,190.0,238.0,0.6784738,169.0,237.0,0.45747718,222.0,226.0,0.77296233,204.0,221.0,0.62788683,248.0,212.0,0.67191035,227.0,207.0,0.36305177
guy3_cobra102_flipped.jpg,184.0,202.0,0.89077294,185.0,195.0,0.7301203,177.0,196.0,0.887993,177.0,195.0,0.70313495,160.0,195.0,0.8233397,176.0,208.0,0.7097358,131.0,210.0,0.6128675,164.0,231.0,0.7585177,107.0,237.0,0.83899033,175.0,255.0,0.7175473,125.0,271.0,0.913708,131.0,241.0,0.69207114,111.0,241.0,0.7846321,98.0,221.0,0.75095725,78.0,229.0,0.8415432,66.0,206.0,0.7375066,49.0,213.0,0.8771605
guy3_cobra103.jpg,114.0,202.0,0.8900372,121.0,195.0,0.9182341,113.0,195.0,0.8061451,138.0,194.0,0.84113383,122.0,194.0,0.7099599,167.0,212.0,0.75667185,125.0,214.0,0.7525351,192.0,238.0,0.7067647,136.0,237.0,0.8147949,174.0,271.0,0.86320496,122.0,256.0,0.67671394,191.0,238.0,0.66202176,171.0,236.0,0.4309033,225.0,225.0,0.7931844,205.0,222.0,0.5781381,251.0,214.0,0.78195715,226.0,208.0,0.39197332
guy3_cobra103_flipped.jpg,185.0,202.0,0.79707724,187.0,196.0,0.6566284,179.0,196.0,0.755637,179.0,195.0,0.58814955,162.0,195.0,0.7902814,176.0,211.0,0.7470369,133.0,210.0,0.6739314,164.0,233.0,0.66747785,108.0,238.0,0.7783334,177.0,255.0,0.811445,126.0,271.0,0.7091984,130.0,242.0,0.7070927,111.0,242.0,0.81389046,99.0,223.0,0.6812994,77.0,231.0,0.8239245,65.0,208.0,0.56237155,48.0,215.0,0.85614675
guy3_cobra104.jpg,113.0,203.0,0.8970585,119.0,196.0,0.83130395,111.0,196.0,0.7109318,137.0,195.0,0.67612404,120.0,195.0,0.6121663,165.0,212.0,0.7602009,124.0,213.0,0.7607306,191.0,239.0,0.6371596,135.0,237.0,0.7794554,173.0,272.0,0.86532676,122.0,256.0,0.78430676,191.0,239.0,0.7020891,170.0,238.0,0.41913232,225.0,227.0,0.68479955,205.0,222.0,0.64194465,253.0,215.0,0.8292973,233.0,208.0,0.48797953
guy3_cobra104_flipped.jpg,187.0,203.0,0.6959964,188.0,196.0,0.82131183,180.0,196.0,0.79104114,180.0,195.0,0.6594714,163.0,196.0,0.8804115,177.0,211.0,0.8176875,133.0,211.0,0.67127633,165.0,231.0,0.596062,108.0,237.0,0.88671255,177.0,255.0,0.8601057,126.0,272.0,0.8602374,129.0,239.0,0.64601433,110.0,241.0,0.73809403,97.0,221.0,0.68439853,76.0,230.0,0.87487745,71.0,209.0,0.5594715,46.0,216.0,0.8144728
guy3_cobra105.jpg,111.0,203.0,0.88282657,117.0,196.0,0.73872304,110.0,196.0,0.7618154,135.0,196.0,0.847078,119.0,196.0,0.7175175,163.0,212.0,0.7802948,124.0,217.0,0.84400475,190.0,239.0,0.6365204,134.0,239.0,0.8261789,172.0,272.0,0.93291485,121.0,257.0,0.76869094,194.0,238.0,0.7357831,175.0,238.0,0.3852216,226.0,229.0,0.53756213,209.0,222.0,0.681949,256.0,216.0,0.8321934,237.0,210.0,0.47725397
guy3_cobra105_flipped.jpg,189.0,203.0,0.8231968,190.0,196.0,0.54364806,182.0,197.0,0.8414885,181.0,196.0,0.48981777,165.0,197.0,0.84985197,177.0,214.0,0.81464833,135.0,211.0,0.62144166,165.0,234.0,0.7742238,109.0,238.0,0.74779856,178.0,255.0,0.8674724,128.0,273.0,0.7623243,129.0,240.0,0.6897794,112.0,240.0,0.7392609,99.0,224.0,0.69428116,77.0,231.0,0.7928351,77.0,211.0,0.32985187,46.0,216.0,0.7924246
guy3_cobra106.jpg,109.0,204.0,0.8593355,115.0,197.0,0.74002546,108.0,197.0,0.7528339,134.0,197.0,0.8608459,118.0,197.0,0.6953013,162.0,214.0,0.6790829,123.0,219.0,0.6925592,189.0,240.0,0.66424453,132.0,240.0,0.7658356,170.0,272.0,0.96462774,121.0,257.0,0.77224696,193.0,240.0,0.7615069,176.0,238.0,0.48310244,227.0,229.0,0.66632015,209.0,224.0,0.7003008,258.0,218.0,0.8665403,229.0,212.0,0.44690517
guy3_cobra106_flipped.jpg,190.0,204.0,0.75831795,191.0,197.0,0.61456794,183.0,197.0,0.7025759,182.0,196.0,0.53373075,166.0,197.0,0.87380624,177.0,215.0,0.8480724,136.0,212.0,0.5962674,165.0,232.0,0.6373463,109.0,238.0,0.7668861,177.0,256.0,0.7815968,128.0,272.0,0.87308836,125.0,240.0,0.6557887,110.0,241.0,0.7994404,95.0,224.0,0.8456923,73.0,231.0,0.7802638,70.0,212.0,0.6234487,44.0,217.0,0.88164055
guy3_cobra107.jpg,108.0,205.0,0.82934225,114.0,198.0,0.8998231,107.0,198.0,0.8331138,131.0,198.0,0.9039604,116.0,197.0,0.69784147,162.0,214.0,0.6713154,122.0,220.0,0.75000125,189.0,240.0,0.6745653,133.0,241.0,0.76838034,170.0,273.0,0.93612564,120.0,258.0,0.7955987,193.0,241.0,0.70760673,176.0,239.0,0.4795971,227.0,230.0,0.49592754,209.0,226.0,0.7349134,259.0,218.0,0.858441,230.0,213.0,0.35107327
guy3_cobra107_flipped.jpg,191.0,205.0,0.8202566,192.0,198.0,0.66597104,185.0,198.0,0.7353241,184.0,198.0,0.5952867,167.0,198.0,0.562811,178.0,215.0,0.80076003,136.0,213.0,0.6706611,166.0,233.0,0.55183184,110.0,238.0,0.8950875,178.0,256.0,0.8647138,129.0,272.0,0.8818716,130.0,242.0,0.7043134,113.0,243.0,0.79269284,96.0,225.0,0.6789132,76.0,233.0,0.79014045,79.0,214.0,0.22495806,44.0,219.0,0.89052236
guy3_cobra108.jpg,106.0,206.0,0.65483284,112.0,199.0,0.83154875,106.0,199.0,0.6395852,130.0,197.0,0.9140303,115.0,198.0,0.53202903,160.0,214.0,0.703558,121.0,220.0,0.66673994,188.0,240.0,0.75321907,132.0,240.0,0.775816,169.0,273.0,0.93105125,121.0,258.0,0.91626567,190.0,244.0,0.6510025,173.0,243.0,0.45182055,223.0,231.0,0.53721887,207.0,228.0,0.6998004,258.0,219.0,0.7428453,224.0,215.0,0.51247853
guy3_cobra108_flipped.jpg,194.0,206.0,0.88939,195.0,199.0,0.7549726,187.0,199.0,0.6948409,186.0,198.0,0.6543497,169.0,198.0,0.60461974,180.0,217.0,0.7827665,138.0,213.0,0.6816498,167.0,233.0,0.575159,111.0,238.0,0.86980784,178.0,257.0,0.86771,131.0,273.0,0.82757163,128.0,242.0,0.696609,112.0,243.0,0.79939693,96.0,227.0,0.6128909,74.0,232.0,0.76594394,72.0,213.0,0.34721017,43.0,219.0,0.8715281
guy3_cobra109.jpg,105.0,207.0,0.57377744,111.0,200.0,0.84274554,104.0,200.0,0.7103368,128.0,200.0,0.83550787,113.0,199.0,0.5572665,157.0,216.0,0.555889,120.0,219.0,0.7474246,187.0,241.0,0.5623035,132.0,240.0,0.7745858,168.0,273.0,0.8770079,122.0,258.0,0.8760959,189.0,243.0,0.6682569,174.0,243.0,0.5035763,223.0,234.0,0.5672866,208.0,229.0,0.7153113,261.0,221.0,0.7255135,229.0,216.0,0.46736622
guy3_cobra109_flipped.jpg,195.0,207.0,0.7877887,196.0,200.0,0.7455018,188.0,200.0,0.8683815,187.0,199.0,0.7357856,171.0,199.0,0.87894857,181.0,216.0,0.77222526,140.0,214.0,0.6789845,167.0,233.0,0.64748126,112.0,239.0,0.65398407,177.0,257.0,0.8707797,131.0,273.0,0.8430624,129.0,241.0,0.69428796,114.0,243.0,0.8206694,98.0,228.0,0.6329272,74.0,234.0,0.7446567,71.0,215.0,0.38692316,42.0,220.0,0.8688504
guy3_cobra110.jpg,103.0,207.0,0.71636236,108.0,201.0,0.858992,101.0,201.0,0.71337396,126.0,200.0,0.82453287,111.0,200.0,0.6356908,155.0,215.0,0.6941226,121.0,216.0,0.6410764,186.0,239.0,0.5591829,130.0,238.0,0.73910224,167.0,271.0,0.9565753,120.0,257.0,0.8425447,190.0,241.0,0.72520095,175.0,242.0,0.5427562,228.0,230.0,0.5485902,209.0,227.0,0.49684408,263.0,222.0,0.82882106,246.0,215.0,0.486962
guy3_cobra110_flipped.jpg,197.0,208.0,0.85964894,198.0,200.0,0.81877124,191.0,201.0,0.8390447,187.0,199.0,0.75197,173.0,200.0,0.67959404,181.0,216.0,0.78315985,141.0,214.0,0.7136174,168.0,233.0,0.6864619,113.0,238.0,0.8451773,177.0,256.0,0.876282,133.0,273.0,0.68695235,126.0,242.0,0.6323401,111.0,244.0,0.8189378,96.0,228.0,0.58552337,72.0,234.0,0.8539201,67.0,215.0,0.4018275,41.0,221.0,0.85715187
guy3_cobra111.jpg,101.0,209.0,0.8515612,106.0,201.0,0.8050666,100.0,202.0,0.8522197,123.0,201.0,0.8774415,110.0,200.0,0.6279081,153.0,216.0,0.62699276,118.0,218.0,0.54671705,185.0,240.0,0.53641915,129.0,236.0,0.5561606,165.0,271.0,0.9366266,122.0,254.0,0.73903257,189.0,244.0,0.69107497,177.0,243.0,0.5601465,223.0,231.0,0.45123187,211.0,228.0,0.5952461,263.0,222.0,0.82375014,229.0,216.0,0.2411505
guy3_cobra111_flipped.jpg,199.0,208.0,0.8866548,199.0,201.0,0.84654474,193.0,201.0,0.74914014,189.0,201.0,0.75868744,174.0,201.0,0.7390172,182.0,217.0,0.774065,143.0,215.0,0.7410472,169.0,231.0,0.62465304,114.0,238.0,0.7683228,177.0,256.0,0.7771468,133.0,273.0,0.8954474,128.0,243.0,0.6718163,113.0,245.0,0.78245467,89.0,226.0,0.7935072,73.0,236.0,0.8968184,55.0,216.0,0.55264217,40.0,222.0,0.8086509
guy3_cobra112.jpg,99.0,210.0,0.85015047,105.0,202.0,0.61936337,99.0,203.0,0.67678595,122.0,201.0,0.9471481,109.0,201.0,0.7098,151.0,217.0,0.7335278,118.0,220.0,0.65129745,185.0,240.0,0.5364195,128.0,237.0,0.58150816,166.0,271.0,0.9528184,122.0,254.0,0.797963,189.0,244.0,0.5939283,177.0,242.0,0.5733153,223.0,234.0,0.38879573,211.0,229.0,0.5860165,263.0,223.0,0.83419985,224.0,219.0,0.3813259
guy3_cobra112_flipped.jpg,201.0,210.0,0.74847054,201.0,203.0,0.6071387,194.0,203.0,0.68456197,190.0,202.0,0.5262794,176.0,203.0,0.86147094,183.0,218.0,0.7616787,147.0,217.0,0.606081,170.0,233.0,0.62224877,115.0,238.0,0.83874726,177.0,254.0,0.7724985,135.0,272.0,0.78239495,128.0,242.0,0.58980584,115.0,245.0,0.8531865,90.0,227.0,0.7934545,72.0,237.0,0.89464223,52.0,217.0,0.6248982,39.0,223.0,0.83851284
guy3_cobra113.jpg,98.0,211.0,0.81955177,103.0,204.0,0.81384385,98.0,204.0,0.7461606,120.0,203.0,0.7694029,109.0,202.0,0.69461614,146.0,218.0,0.6801548,118.0,222.0,0.67520404,182.0,238.0,0.48016226,128.0,238.0,0.48831254,164.0,270.0,0.8485404,122.0,253.0,0.8215389,190.0,243.0,0.62976456,182.0,241.0,0.6127066,223.0,233.0,0.38825923,215.0,230.0,0.5199516,264.0,223.0,0.80961084,249.0,221.0,0.27970815
guy3_cobra113_flipped.jpg,202.0,211.0,0.6571459,202.0,204.0,0.83160067,196.0,205.0,0.84804785,190.0,204.0,0.57924414,178.0,204.0,0.7922621,183.0,218.0,0.80060315,151.0,219.0,0.5684103,171.0,233.0,0.5798812,115.0,239.0,0.8125301,177.0,255.0,0.7805275,134.0,272.0,0.79448783,128.0,241.0,0.4976475,114.0,243.0,0.82532036,88.0,226.0,0.62007844,72.0,233.0,0.71152985,70.0,218.0,0.3544323,37.0,222.0,0.7852522
guy3_cobra114.jpg,96.0,212.0,0.8210714,101.0,205.0,0.74459016,96.0,205.0,0.6764161,119.0,204.0,0.86910534,109.0,204.0,0.51394266,147.0,218.0,0.628404,119.0,221.0,0.7554866,181.0,238.0,0.5143348,132.0,242.0,0.5313794,163.0,270.0,0.69390535,123.0,254.0,0.8188468,190.0,242.0,0.58473116,183.0,241.0,0.6464808,226.0,233.0,0.54131377,214.0,230.0,0.33574635,265.0,224.0,0.82139385,254.0,219.0,0.42543343
guy3_cobra114_flipped.jpg,204.0,211.0,0.82433647,204.0,205.0,0.4855938,198.0,205.0,0.64281464,193.0,204.0,0.57453763,180.0,204.0,0.7231095,184.0,218.0,0.766956,152.0,220.0,0.7137719,171.0,233.0,0.54434353,116.0,239.0,0.6974914,177.0,253.0,0.8431263,135.0,270.0,0.83577204,125.0,243.0,0.58981776,113.0,246.0,0.82302964,85.0,226.0,0.7617637,70.0,236.0,0.78252107,47.0,219.0,0.40685934,35.0,223.0,0.8873297
guy3_cobra115.jpg,94.0,212.0,0.7967973,99.0,206.0,0.78289187,95.0,206.0,0.7495787,117.0,205.0,0.6776092,108.0,205.0,0.6091456,145.0,219.0,0.70296574,117.0,222.0,0.7177476,180.0,238.0,0.5577547,130.0,240.0,0.4360203,164.0,270.0,0.83506316,121.0,254.0,0.7387783,191.0,243.0,0.6847989,185.0,241.0,0.5864805,224.0,234.0,0.41087568,215.0,227.0,0.49814248,267.0,225.0,0.8080549,252.0,220.0,0.49929708
guy3_cobra115_flipped.jpg,205.0,212.0,0.6981982,205.0,206.0,0.8703499,200.0,207.0,0.88094366,192.0,205.0,0.73287135,182.0,206.0,0.85588515,184.0,218.0,0.794613,153.0,220.0,0.6916305,171.0,232.0,0.43326634,117.0,238.0,0.68352675,176.0,254.0,0.86147934,136.0,270.0,0.8994607,126.0,240.0,0.6905245,114.0,243.0,0.763407,85.0,227.0,0.645224,70.0,238.0,0.83971083,65.0,219.0,0.32735357,36.0,224.0,0.8220504
guy3_cobra116.jpg,93.0,213.0,0.7861948,98.0,206.0,0.8225335,93.0,207.0,0.76890016,115.0,205.0,0.6231754,107.0,205.0,0.50415736,141.0,219.0,0.6638515,118.0,222.0,0.7771719,179.0,237.0,0.62372875,133.0,239.0,0.39264235,163.0,268.0,0.8750428,122.0,253.0,0.82638013,190.0,243.0,0.6958714,186.0,240.0,0.54542637,225.0,232.0,0.49661687,216.0,229.0,0.3654529,267.0,225.0,0.70621586,250.0,219.0,0.49884993
guy3_cobra116_flipped.jpg,206.0,214.0,0.8304006,206.0,208.0,0.7437562,201.0,208.0,0.76704943,193.0,207.0,0.69766104,183.0,207.0,0.8471372,185.0,219.0,0.7349637,154.0,220.0,0.784056,172.0,232.0,0.43425333,117.0,237.0,0.7037427,176.0,253.0,0.8834268,136.0,269.0,0.8479432,127.0,238.0,0.6779599,115.0,243.0,0.8282684,86.0,226.0,0.7264397,70.0,236.0,0.8382269,65.0,219.0,0.52750397,33.0,224.0,0.80177987
guy3_cobra117.jpg,91.0,215.0,0.84322166,96.0,208.0,0.5055891,93.0,208.0,0.6748078,115.0,207.0,0.9153453,108.0,207.0,0.740301,143.0,220.0,0.60387456,118.0,223.0,0.5756891,177.0,237.0,0.43861887,130.0,241.0,0.3683023,162.0,268.0,0.8145587,122.0,255.0,0.7497024,191.0,243.0,0.69627935,186.0,242.0,0.61383057,224.0,234.0,0.3926379,218.0,231.0,0.5846697,269.0,225.0,0.80504686,256.0,220.0,0.55264413
guy3_cobra117_flipped.jpg,208.0,214.0,0.82988834,207.0,208.0,0.85479856,202.0,208.0,0.80716074,195.0,207.0,0.6979391,184.0,207.0,0.84865457,187.0,219.0,0.63870245,155.0,221.0,0.7604001,172.0,232.0,0.3853774,118.0,236.0,0.67626965,176.0,252.0,0.75658846,136.0,268.0,0.67024803,126.0,239.0,0.6780605,115.0,243.0,0.80294895,82.0,226.0,0.7935157,69.0,237.0,0.7958836,62.0,219.0,0.41809806,32.0,224.0,0.81055236
guy3_cobra118.jpg,90.0,216.0,0.6914618,95.0,209.0,0.85148406,91.0,210.0,0.85247207,113.0,207.0,0.8268371,106.0,208.0,0.67125714,138.0,221.0,0.7034249,119.0,221.0,0.5052783,177.0,237.0,0.47683552,137.0,239.0,0.26447624,162.0,267.0,0.8850106,122.0,253.0,0.6997611,190.0,242.0,0.68092763,186.0,238.0,0.47641516,228.0,233.0,0.49410343,220.0,227.0,0.62271243,270.0,225.0,0.8051481,255.0,220.0,0.41730985
guy3_cobra118_flipped.jpg,209.0,215.0,0.7662335,208.0,208.0,0.7921952,204.0,209.0,0.8078357,194.0,207.0,0.73657453,185.0,208.0,0.60122514,184.0,219.0,0.762325,158.0,221.0,0.78714985,170.0,230.0,0.36813784,117.0,235.0,0.5898998,177.0,251.0,0.7571305,136.0,266.0,0.79738337,122.0,237.0,0.7012845,113.0,241.0,0.7750617,80.0,226.0,0.8207781,66.0,237.0,0.8437253,45.0,218.0,0.6003066,30.0,224.0,0.79075384
guy3_cobra119.jpg,89.0,217.0,0.64844954,94.0,210.0,0.7015575,90.0,210.0,0.6243861,111.0,208.0,0.8942933,104.0,209.0,0.6933816,138.0,221.0,0.7053875,119.0,221.0,0.535151,176.0,236.0,0.45768046,138.0,240.0,0.40545806,160.0,267.0,0.807469,122.0,253.0,0.6599024,189.0,242.0,0.6349162,185.0,237.0,0.45927873,228.0,236.0,0.5292447,220.0,228.0,0.5480132,272.0,226.0,0.83340013,259.0,220.0,0.41044468
guy3_cobra119_flipped.jpg,210.0,217.0,0.8214257,209.0,210.0,0.66401386,205.0,210.0,0.61865056,195.0,209.0,0.6243483,186.0,209.0,0.8780086,184.0,219.0,0.73181283,160.0,222.0,0.7613356,170.0,231.0,0.3954544,119.0,236.0,0.6244285,177.0,253.0,0.5576909,136.0,266.0,0.6736779,121.0,235.0,0.7173616,112.0,240.0,0.7497979,81.0,226.0,0.68698037,68.0,236.0,0.7538551,42.0,217.0,0.5284166,29.0,223.0,0.8995135
guy3_cobra120.jpg,89.0,217.0,0.7977762,93.0,211.0,0.77139294,90.0,211.0,0.6812004,111.0,208.0,0.8913288,104.0,209.0,0.7024559,137.0,220.0,0.741724,119.0,220.0,0.54123884,177.0,235.0,0.5593897,141.0,239.0,0.35540363,161.0,264.0,0.7012687,124.0,252.0,0.7313173,188.0,239.0,0.7129068,185.0,236.0,0.563535,229.0,234.0,0.31834906,224.0,228.0,0.63762015,271.0,226.0,0.7280101,264.0,223.0,0.46102756
guy3_cobra120_flipped.jpg,212.0,218.0,0.69160366,212.0,211.0,0.80378836,206.0,211.0,0.7924212,198.0,209.0,0.70273876,187.0,210.0,0.8602386,185.0,218.0,0.70525587,163.0,223.0,0.7493469,167.0,227.0,0.19955972,120.0,233.0,0.5901585,177.0,252.0,0.63777816,137.0,263.0,0.77101105,121.0,234.0,0.69021887,113.0,240.0,0.7456076,80.0,225.0,0.8079758,67.0,235.0,0.77978235,41.0,219.0,0.36335683,28.0,224.0,0.8234829
guy3_cobra121.jpg,88.0,217.0,0.7332126,92.0,211.0,0.7986257,89.0,211.0,0.7669357,109.0,208.0,0.55045146,102.0,209.0,0.45441666,134.0,220.0,0.65537095,117.0,220.0,0.71973175,176.0,234.0,0.5268536,140.0,238.0,0.3632679,161.0,263.0,0.89750797,124.0,251.0,0.67373365,187.0,240.0,0.5411028,185.0,235.0,0.46031064,230.0,233.0,0.56198454,224.0,228.0,0.6221296,273.0,226.0,0.81403655,264.0,222.0,0.5950849
guy3_cobra121_flipped.jpg,212.0,218.0,0.8370385,211.0,212.0,0.63263917,206.0,211.0,0.6087597,196.0,210.0,0.7274389,188.0,209.0,0.6722602,184.0,219.0,0.7290843,162.0,221.0,0.7417476,172.0,231.0,0.43487856,120.0,233.0,0.5483928,177.0,249.0,0.7905785,138.0,263.0,0.7940027,120.0,235.0,0.7425767,112.0,239.0,0.70966876,78.0,227.0,0.61506695,67.0,232.0,0.66007835,51.0,221.0,0.23345655,28.0,224.0,0.784225
guy3_cobra122.jpg,86.0,217.0,0.7881362,90.0,211.0,0.730176,88.0,211.0,0.7880286,108.0,208.0,0.8884238,102.0,208.0,0.6497543,130.0,219.0,0.6155047,117.0,217.0,0.7039453,175.0,232.0,0.5010523,138.0,233.0,0.21520364,160.0,261.0,0.85685897,124.0,250.0,0.73274153,188.0,239.0,0.7561561,186.0,234.0,0.6161059,227.0,233.0,0.5529092,222.0,228.0,0.46721613,273.0,226.0,0.7579782,265.0,221.0,0.6106476
guy3_cobra122_flipped.jpg,212.0,218.0,0.82654345,212.0,212.0,0.60533017,207.0,211.0,0.6307107,198.0,209.0,0.7092736,189.0,209.0,0.8682973,184.0,216.0,0.572225,164.0,220.0,0.75051713,166.0,228.0,0.28358066,120.0,231.0,0.6286749,178.0,249.0,0.6357107,138.0,260.0,0.67520595,122.0,234.0,0.6668469,114.0,237.0,0.7626077,78.0,226.0,0.7231094,67.0,232.0,0.57357395,58.0,219.0,0.20246878,26.0,223.0,0.81602883
guy3_cobra123.jpg,87.0,218.0,0.7733462,90.0,211.0,0.7341001,87.0,211.0,0.6860497,107.0,208.0,0.85246974,101.0,208.0,0.4557282,131.0,218.0,0.6836854,116.0,215.0,0.65978354,176.0,231.0,0.59644645,141.0,225.0,0.10574263,160.0,259.0,0.769516,123.0,247.0,0.55080295,190.0,236.0,0.7445487,187.0,228.0,0.58118063,228.0,232.0,0.58693296,219.0,224.0,0.45557332,275.0,224.0,0.73894435,264.0,218.0,0.69658387
guy3_cobra123_flipped.jpg,213.0,218.0,0.72579336,212.0,211.0,0.611428,209.0,211.0,0.45253047,197.0,209.0,0.7035181,191.0,209.0,0.8562789,184.0,215.0,0.7275984,167.0,219.0,0.7442863,166.0,227.0,0.22471836,122.0,230.0,0.5579047,179.0,247.0,0.66360134,138.0,259.0,0.62990934,119.0,230.0,0.7236445,112.0,234.0,0.75221324,77.0,224.0,0.60615885,65.0,230.0,0.6696137,52.0,216.0,0.30881786,26.0,222.0,0.81001115
guy3_cobra124_flipped.jpg,215.0,217.0,0.57048357,214.0,211.0,0.75581974,211.0,211.0,0.7041819,199.0,208.0,0.6729731,192.0,208.0,0.8408373,186.0,214.0,0.5904045,168.0,220.0,0.7195909,160.0,222.0,0.19593549,124.0,229.0,0.45524296,179.0,244.0,0.76951396,141.0,257.0,0.56522286,117.0,229.0,0.7431804,112.0,233.0,0.7776202,74.0,223.0,0.65248615,65.0,230.0,0.73961014,33.0,217.0,0.48519877,26.0,221.0,0.7082968
guy3_cobra125.jpg,85.0,215.0,0.7871846,87.0,209.0,0.64094615,85.0,209.0,0.60982007,104.0,206.0,0.65474176,100.0,206.0,0.5770322,123.0,213.0,0.74118614,115.0,210.0,0.53566223,173.0,225.0,0.48619434,134.0,219.0,0.103295505,158.0,253.0,0.8173069,120.0,243.0,0.4312585,187.0,231.0,0.6937887,186.0,224.0,0.5854988,230.0,228.0,0.7054605,225.0,221.0,0.57280725,277.0,220.0,0.6601482,267.0,215.0,0.50143844
guy3_cobra125_flipped.jpg,217.0,215.0,0.5819849,216.0,210.0,0.70249254,212.0,209.0,0.7911157,201.0,207.0,0.5338929,194.0,207.0,0.71799827,187.0,211.0,0.567466,170.0,217.0,0.66837555,166.0,218.0,0.15799528,127.0,224.0,0.36096454,181.0,242.0,0.7317748,141.0,253.0,0.40083873,118.0,225.0,0.7613435,112.0,230.0,0.773522,75.0,221.0,0.6259288,66.0,227.0,0.6412064,31.0,213.0,0.55549264,24.0,217.0,0.789186
guy3_cobra126.jpg,84.0,213.0,0.7905429,86.0,207.0,0.7090811,84.0,207.0,0.6032398,102.0,204.0,0.858401,98.0,204.0,0.57592404,125.0,212.0,0.732604,113.0,207.0,0.540289,173.0,224.0,0.4739061,142.0,210.0,0.19061416,157.0,250.0,0.793833,120.0,238.0,0.44246534,188.0,229.0,0.7058438,185.0,219.0,0.61126757,228.0,226.0,0.5741336,220.0,219.0,0.37397963,277.0,218.0,0.7255994,251.0,210.0,0.41223967
guy3_cobra126_flipped.jpg,218.0,214.0,0.6369089,218.0,208.0,0.43806288,214.0,208.0,0.6281922,203.0,205.0,0.5400136,196.0,204.0,0.7499062,187.0,209.0,0.6518585,173.0,214.0,0.6812146,165.0,216.0,0.1853483,126.0,221.0,0.43965185,181.0,238.0,0.4207068,143.0,250.0,0.66097766,117.0,223.0,0.7809074,111.0,227.0,0.7859052,73.0,218.0,0.6090331,65.0,223.0,0.73035216,28.0,213.0,0.5642051,24.0,217.0,0.7544414
guy3_cobra127.jpg,81.0,212.0,0.76380694,83.0,206.0,0.71935767,81.0,206.0,0.76667154,100.0,202.0,0.7501642,95.0,202.0,0.6516121,121.0,209.0,0.66634613,113.0,206.0,0.6489711,170.0,221.0,0.39299065,145.0,208.0,0.23075953,154.0,247.0,0.7853857,121.0,236.0,0.44596836,185.0,226.0,0.7295122,185.0,218.0,0.5744513,228.0,223.0,0.7371631,223.0,217.0,0.49512538,275.0,215.0,0.70834446,265.0,210.0,0.6789883
guy3_cobra127_flipped.jpg,219.0,213.0,0.68948317,219.0,207.0,0.57982254,215.0,206.0,0.59556794,204.0,203.0,0.64100474,197.0,202.0,0.60179394,188.0,205.0,0.6535877,174.0,210.0,0.63234913,167.0,210.0,0.13997677,127.0,216.0,0.42692673,183.0,236.0,0.4826384,144.0,246.0,0.61774623,120.0,221.0,0.7391245,114.0,224.0,0.7760571,77.0,217.0,0.6497691,68.0,221.0,0.7048854,32.0,210.0,0.4968501,26.0,213.0,0.7546445
guy3_cobra128.jpg,80.0,211.0,0.67768043,82.0,205.0,0.58472687,81.0,204.0,0.5472345,98.0,200.0,0.7093955,95.0,200.0,0.7156595,119.0,207.0,0.6653063,116.0,200.0,0.54798096,168.0,218.0,0.35881826,148.0,204.0,0.27233422,152.0,242.0,0.6911111,134.0,231.0,0.18402123,187.0,223.0,0.6515178,187.0,212.0,0.5539482,228.0,220.0,0.6352545,224.0,213.0,0.40675515,274.0,210.0,0.5498147,267.0,207.0,0.6739738
guy3_cobra128_flipped.jpg,220.0,210.0,0.60482717,220.0,204.0,0.7248727,217.0,204.0,0.81892365,204.0,201.0,0.52806497,199.0,200.0,0.7847495,188.0,204.0,0.49767494,174.0,207.0,0.7396754,162.0,205.0,0.18086928,128.0,213.0,0.45267698,176.0,232.0,0.3654076,145.0,241.0,0.6490255,120.0,217.0,0.7532358,114.0,221.0,0.7949172,78.0,213.0,0.5819164,69.0,218.0,0.6992887,34.0,205.0,0.51829654,26.0,210.0,0.6900198
guy3_cobra129.jpg,79.0,208.0,0.7320832,81.0,202.0,0.48820585,78.0,202.0,0.6269565,96.0,198.0,0.74322516,92.0,198.0,0.5428031,118.0,205.0,0.6501883,107.0,200.0,0.5929554,165.0,214.0,0.39726317,129.0,202.0,0.10607299,151.0,239.0,0.79460645,114.0,229.0,0.16092539,185.0,220.0,0.732982,183.0,210.0,0.6237997,224.0,218.0,0.63674927,215.0,211.0,0.3720435,273.0,209.0,0.68171644,260.0,204.0,0.5978566
guy3_cobra129_flipped.jpg,222.0,208.0,0.65801567,221.0,202.0,0.50195825,219.0,202.0,0.74261385,206.0,199.0,0.597845,201.0,199.0,0.76322216,192.0,203.0,0.54656416,175.0,206.0,0.5921091,180.0,210.0,0.2713626,131.0,212.0,0.41161782,185.0,231.0,0.3211148,148.0,239.0,0.6256609,121.0,214.0,0.7440597,116.0,218.0,0.7873988,76.0,211.0,0.59748405,68.0,214.0,0.6624148,28.0,205.0,0.4403332,24.0,208.0,0.75378007
guy3_cobra130.jpg,77.0,205.0,0.53966594,78.0,200.0,0.740279,76.0,200.0,0.69288796,94.0,196.0,0.6688976,90.0,195.0,0.56362385,117.0,201.0,0.65821326,106.0,197.0,0.48242998,167.0,209.0,0.41738212,134.0,196.0,0.13494131,150.0,235.0,0.6596241,114.0,224.0,0.30602032,184.0,216.0,0.76118124,182.0,206.0,0.6275004,227.0,212.0,0.53383964,221.0,206.0,0.58618665,276.0,208.0,0.7633834,262.0,203.0,0.55150163
guy3_cobra130_flipped.jpg,224.0,206.0,0.47277388,223.0,200.0,0.752253,221.0,200.0,0.70395815,208.0,197.0,0.69471765,204.0,196.0,0.78250957,193.0,199.0,0.54363024,176.0,201.0,0.6039873,173.0,198.0,0.16709536,132.0,207.0,0.40774396,183.0,224.0,0.2878414,149.0,233.0,0.6616645,124.0,209.0,0.69012207,117.0,213.0,0.77794176,78.0,207.0,0.61679804,71.0,210.0,0.6993757,31.0,201.0,0.57528996,24.0,207.0,0.6420459
guy3_cobra131_flipped.jpg,227.0,203.0,0.678755,226.0,198.0,0.64759743,224.0,197.0,0.46491536,211.0,194.0,0.6942923,206.0,193.0,0.690043,195.0,197.0,0.54544157,178.0,198.0,0.5714033,177.0,196.0,0.17250931,133.0,203.0,0.42827678,187.0,222.0,0.37341255,152.0,230.0,0.74017555,123.0,206.0,0.7613895,116.0,209.0,0.789689,80.0,205.0,0.51660645,71.0,208.0,0.68641675,33.0,199.0,0.48363113,25.0,204.0,0.8374872
guy3_cobra132_flipped.jpg,227.0,200.0,0.66871065,228.0,195.0,0.5705502,225.0,193.0,0.60054123,217.0,191.0,0.25609702,208.0,190.0,0.7178078,199.0,194.0,0.49940917,184.0,198.0,0.43749857,190.0,198.0,0.18832135,139.0,200.0,0.2105453,194.0,211.0,0.13882834,152.0,225.0,0.4904807,124.0,200.0,0.4431848,115.0,204.0,0.37929067,78.0,199.0,0.27064258,73.0,204.0,0.21927384,36.0,196.0,0.28199726,25.0,201.0,0.5051664
guy3_cobra133.jpg,71.0,198.0,0.59504503,73.0,191.0,0.5206921,69.0,192.0,0.3359955,90.0,185.0,0.7091879,80.0,187.0,0.16028214,115.0,190.0,0.33139628,100.0,190.0,0.38456315,156.0,202.0,0.14061159,105.0,197.0,0.10030317,144.0,221.0,0.518588,101.0,206.0,0.15129966,177.0,202.0,0.41572326,172.0,193.0,0.3743121,222.0,204.0,0.36595237,220.0,197.0,0.15881243,268.0,197.0,0.6086263,261.0,193.0,0.24469325
guy3_cobra133_flipped.jpg,229.0,199.0,0.64245576,229.0,193.0,0.6985598,227.0,192.0,0.8067882,215.0,188.0,0.6531273,209.0,187.0,0.6174339,198.0,190.0,0.55282897,182.0,194.0,0.49440834,176.0,186.0,0.14692372,138.0,196.0,0.46229833,188.0,213.0,0.25772083,155.0,222.0,0.70089483,127.0,198.0,0.7443204,120.0,202.0,0.78682137,81.0,199.0,0.6330881,74.0,201.0,0.6132239,35.0,192.0,0.5512636,27.0,198.0,0.6847552
guy3_cobra134_flipped.jpg,231.0,196.0,0.6956762,230.0,190.0,0.79975605,228.0,189.0,0.69128925,216.0,185.0,0.7351485,211.0,184.0,0.70499575,201.0,188.0,0.64304143,183.0,191.0,0.44406155,182.0,189.0,0.2690429,141.0,192.0,0.3588545,191.0,210.0,0.27588755,157.0,219.0,0.59273756,128.0,192.0,0.72315407,121.0,199.0,0.76127577,80.0,193.0,0.6098019,72.0,196.0,0.6179515,35.0,187.0,0.4322958,27.0,194.0,0.6509781
guy3_cobra135_flipped.jpg,232.0,193.0,0.650296,233.0,187.0,0.46003795,230.0,186.0,0.5362324,219.0,181.0,0.5219773,213.0,180.0,0.64701635,204.0,183.0,0.51242566,184.0,187.0,0.5229457,181.0,180.0,0.24806452,143.0,189.0,0.42837852,191.0,205.0,0.2648289,160.0,213.0,0.6365743,129.0,189.0,0.742526,122.0,194.0,0.7852546,84.0,190.0,0.55155957,75.0,193.0,0.57712483,38.0,183.0,0.44826853,28.0,190.0,0.705054
guy3_cobra136_flipped.jpg,233.0,189.0,0.6624383,234.0,184.0,0.61374545,232.0,182.0,0.5240276,220.0,178.0,0.51641965,215.0,177.0,0.70256275,205.0,179.0,0.48727408,187.0,182.0,0.46510985,179.0,175.0,0.2586527,142.0,184.0,0.43239832,193.0,202.0,0.26607263,160.0,210.0,0.6066098,132.0,186.0,0.73238415,125.0,190.0,0.63497216,86.0,187.0,0.6278807,77.0,190.0,0.606456,35.0,181.0,0.5195608,28.0,187.0,0.7098429
guy3_cobra137.jpg,65.0,186.0,0.67893755,66.0,180.0,0.541755,64.0,180.0,0.5694009,82.0,175.0,0.74365926,77.0,174.0,0.63755935,105.0,177.0,0.5990879,96.0,174.0,0.39388314,155.0,180.0,0.39023358,126.0,171.0,0.2274788,137.0,205.0,0.7945534,116.0,196.0,0.15977746,177.0,188.0,0.72033346,173.0,179.0,0.59880376,220.0,189.0,0.45304593,217.0,181.0,0.6323757,268.0,185.0,0.43437004,263.0,181.0,0.4997024
guy3_cobra137_flipped.jpg,236.0,187.0,0.69166535,236.0,181.0,0.73013324,234.0,180.0,0.6906604,223.0,176.0,0.51629573,218.0,174.0,0.74176043,209.0,176.0,0.43065846,190.0,181.0,0.49689454,174.0,172.0,0.3876107,145.0,179.0,0.38809192,194.0,200.0,0.290964,162.0,204.0,0.61983395,134.0,182.0,0.6701962,128.0,186.0,0.6372181,88.0,184.0,0.5015663,77.0,187.0,0.60222447,37.0,179.0,0.50265145,30.0,185.0,0.73929846
guy3_cobra138.jpg,62.0,185.0,0.5171873,64.0,179.0,0.7787603,62.0,179.0,0.7158218,80.0,172.0,0.5847236,73.0,172.0,0.42175102,103.0,175.0,0.5317198,97.0,170.0,0.2715954,153.0,176.0,0.39011937,130.0,169.0,0.20745444,136.0,200.0,0.83243275,119.0,192.0,0.2095435,175.0,185.0,0.73824465,172.0,177.0,0.5056052,220.0,186.0,0.5026632,215.0,179.0,0.6247095,264.0,182.0,0.58311504,260.0,179.0,0.5931748
guy3_cobra138_flipped.jpg,238.0,185.0,0.69799685,238.0,179.0,0.7781276,237.0,178.0,0.5271566,226.0,173.0,0.54028714,220.0,172.0,0.6989507,211.0,173.0,0.4449341,190.0,179.0,0.5049529,190.0,169.0,0.26118708,149.0,177.0,0.31797743,199.0,194.0,0.25942653,164.0,200.0,0.6514731,137.0,177.0,0.70197225,130.0,183.0,0.75330377,91.0,180.0,0.52125865,80.0,183.0,0.65445065,39.0,175.0,0.48640794,32.0,180.0,0.77394617
guy3_cobra139.jpg,61.0,182.0,0.5235611,62.0,175.0,0.6402496,59.0,175.0,0.6533266,78.0,169.0,0.58405083,70.0,169.0,0.27874607,102.0,174.0,0.40482023,89.0,171.0,0.30931732,144.0,180.0,0.13411307,118.0,166.0,0.11431751,129.0,196.0,0.2812218,99.0,183.0,0.108422965,164.0,182.0,0.38740554,160.0,175.0,0.36405337,215.0,182.0,0.16059399,214.0,177.0,0.23912594,259.0,179.0,0.37191245,259.0,178.0,0.33923477
guy3_cobra139_flipped.jpg,240.0,182.0,0.62854725,241.0,176.0,0.73553175,238.0,176.0,0.62911266,228.0,171.0,0.568157,222.0,169.0,0.7693728,214.0,170.0,0.47808564,192.0,177.0,0.49763116,198.0,170.0,0.3068428,150.0,174.0,0.2853034,204.0,187.0,0.23502761,168.0,197.0,0.5911586,139.0,173.0,0.7026291,132.0,178.0,0.6924912,91.0,178.0,0.5357644,82.0,180.0,0.63474286,37.0,174.0,0.48546937,33.0,177.0,0.61399704
guy3_cobra140.jpg,59.0,181.0,0.57221067,60.0,175.0,0.5480884,58.0,176.0,0.5404233,76.0,168.0,0.8370378,71.0,168.0,0.62067837,95.0,171.0,0.60394555,92.0,165.0,0.47038108,148.0,170.0,0.34611934,131.0,161.0,0.23962885,130.0,192.0,0.72053933,116.0,177.0,0.116016895,170.0,179.0,0.7543669,167.0,171.0,0.51983315,217.0,179.0,0.49142283,214.0,174.0,0.5938562,261.0,176.0,0.4815046,259.0,174.0,0.6286965
guy3_cobra140_flipped.jpg,242.0,180.0,0.6375525,242.0,175.0,0.6416923,238.0,174.0,0.46023938,229.0,170.0,0.44155127,224.0,168.0,0.83276165,216.0,168.0,0.58960783,196.0,176.0,0.3535967,194.0,165.0,0.2919624,155.0,171.0,0.2608819,206.0,185.0,0.2421394,168.0,194.0,0.6098239,141.0,171.0,0.6645846,136.0,176.0,0.7357242,94.0,175.0,0.5039781,83.0,177.0,0.60336494,36.0,173.0,0.5070786,32.0,177.0,0.63695765
