guy3_tree085.jpg,173.0,38.0,0.65040916,179.0,33.0,0.85109353,169.0,33.0,0.7072732,191.0,35.0,0.68581486,167.0,35.0,0.40279943,202.0,71.0,0.7054665,158.0,70.0,0.7955482,222.0,105.0,0.6989534,130.0,101.0,0.6102253,185.0,108.0,0.5377456,153.0,96.0,0.42776746,183.0,146.0,0.74289215,155.0,139.0,0.74605024,178.0,206.0,0.70254654,106.0,157.0,0.547663,172.0,263.0,0.7165369,158.0,170.0,0.6560666
guy3_tree085_flipped.jpg,127.0,37.0,0.7973279,130.0,32.0,0.7560239,120.0,32.0,0.80921733,131.0,34.0,0.59898424,109.0,36.0,0.8462517,143.0,68.0,0.93062544,96.0,70.0,0.8406321,171.0,101.0,0.84963727,75.0,105.0,0.8535163,146.0,93.0,0.5666029,111.0,108.0,0.5320363,142.0,138.0,0.87837654,115.0,145.0,0.84834933,195.0,155.0,0.7482904,123.0,208.0,0.6439344,141.0,171.0,0.6609881,127.0,264.0,0.7405236
guy3_tree086.jpg,173.0,36.0,0.60567313,179.0,32.0,0.69758695,169.0,31.0,0.613505,190.0,35.0,0.6812289,167.0,35.0,0.2467471,202.0,70.0,0.7021055,157.0,69.0,0.8261525,219.0,104.0,0.6839354,131.0,100.0,0.4757616,183.0,102.0,0.43525267,155.0,92.0,0.40229213,182.0,146.0,0.7190665,154.0,138.0,0.6575546,178.0,205.0,0.7092222,106.0,156.0,0.5235867,172.0,265.0,0.6798712,157.0,169.0,0.6300398
guy3_tree086_flipped.jpg,128.0,37.0,0.68284386,131.0,31.0,0.66634476,121.0,31.0,0.69869536,130.0,33.0,0.762213,109.0,35.0,0.8078527,144.0,68.0,0.8485006,96.0,69.0,0.9501391,169.0,100.0,0.7103862,78.0,103.0,0.91870177,144.0,89.0,0.5929576,116.0,100.0,0.5527552,142.0,138.0,0.87642896,116.0,146.0,0.8574443,196.0,155.0,0.73376286,123.0,209.0,0.8743167,144.0,169.0,0.6444276,127.0,263.0,0.7602638
guy3_tree087.jpg,172.0,36.0,0.5606633,178.0,31.0,0.8823411,169.0,31.0,0.7685235,190.0,35.0,0.8267263,168.0,35.0,0.42957053,203.0,70.0,0.8366405,156.0,69.0,0.74435484,216.0,104.0,0.8611605,131.0,102.0,0.769257,182.0,97.0,0.501332,157.0,90.0,0.50230443,181.0,145.0,0.7981565,154.0,138.0,0.8175143,177.0,206.0,0.7737336,106.0,156.0,0.5546806,171.0,265.0,0.78674114,156.0,170.0,0.6840228
guy3_tree087_flipped.jpg,128.0,36.0,0.78683996,131.0,30.0,0.85911167,121.0,30.0,0.8695919,130.0,33.0,0.73123413,109.0,35.0,0.91204786,145.0,68.0,0.88677335,94.0,69.0,0.9156396,170.0,102.0,0.9144764,81.0,103.0,0.9109788,143.0,87.0,0.47425026,119.0,96.0,0.6442091,142.0,137.0,0.90905756,115.0,145.0,0.9090277,194.0,153.0,0.8650285,123.0,207.0,0.8495649,142.0,169.0,0.7084509,128.0,263.0,0.72966754
guy3_tree088.jpg,171.0,34.0,0.5406001,177.0,30.0,0.6018503,169.0,30.0,0.46477154,190.0,33.0,0.60220015,167.0,33.0,0.2536299,202.0,68.0,0.6879404,156.0,68.0,0.7899567,213.0,100.0,0.76044005,132.0,100.0,0.7723582,176.0,90.0,0.63058496,159.0,86.0,0.3680149,181.0,143.0,0.71999824,154.0,136.0,0.69397724,176.0,205.0,0.7020818,105.0,155.0,0.5841054,171.0,263.0,0.7263093,155.0,169.0,0.6936688
guy3_tree088_flipped.jpg,129.0,34.0,0.72060686,131.0,30.0,0.8520646,122.0,29.0,0.8617123,131.0,32.0,0.74229586,110.0,34.0,0.9103554,145.0,68.0,0.8679197,95.0,68.0,0.9331901,170.0,100.0,0.9085839,85.0,103.0,0.68684876,144.0,84.0,0.5294453,121.0,91.0,0.7940316,143.0,135.0,0.9151333,116.0,143.0,0.9145421,197.0,153.0,0.8250896,125.0,206.0,0.65690815,143.0,167.0,0.75970924,128.0,260.0,0.67070353
guy3_tree089.jpg,170.0,33.0,0.7123144,176.0,28.0,0.5512758,167.0,28.0,0.505519,190.0,33.0,0.6938271,168.0,31.0,0.44665816,202.0,68.0,0.85426664,156.0,66.0,0.7271533,210.0,99.0,0.5221468,131.0,100.0,0.58385134,174.0,86.0,0.52900666,158.0,84.0,0.5239688,179.0,143.0,0.6332378,154.0,135.0,0.7911668,177.0,206.0,0.6963444,104.0,155.0,0.5429331,170.0,265.0,0.826296,155.0,168.0,0.6727299
guy3_tree089_flipped.jpg,129.0,34.0,0.5421299,132.0,29.0,0.8700416,122.0,29.0,0.8839345,131.0,31.0,0.8179952,109.0,33.0,0.9143624,145.0,67.0,0.8517584,96.0,67.0,0.94850725,170.0,102.0,0.68887204,87.0,101.0,0.9032508,142.0,83.0,0.7205875,125.0,87.0,0.6193097,142.0,136.0,0.9049233,116.0,143.0,0.9145245,196.0,152.0,0.8891101,123.0,207.0,0.78313625,145.0,168.0,0.74698496,128.0,259.0,0.62806064
guy3_tree090.jpg,169.0,33.0,0.47573888,176.0,27.0,0.4823387,167.0,28.0,0.48629326,189.0,32.0,0.6327213,168.0,31.0,0.39310578,201.0,67.0,0.6239976,156.0,64.0,0.8020257,208.0,97.0,0.5881659,132.0,99.0,0.6384119,173.0,83.0,0.46725383,157.0,81.0,0.60918224,179.0,143.0,0.62879235,154.0,135.0,0.77663565,176.0,206.0,0.66520077,106.0,154.0,0.5728861,171.0,264.0,0.69814616,154.0,167.0,0.65246385
guy3_tree090_flipped.jpg,130.0,32.0,0.59822327,132.0,27.0,0.6850172,123.0,27.0,0.7002417,130.0,30.0,0.7485076,110.0,32.0,0.8421847,145.0,65.0,0.84787667,96.0,66.0,0.9538667,169.0,100.0,0.799953,90.0,99.0,0.89540064,143.0,81.0,0.7236272,126.0,85.0,0.6689974,143.0,135.0,0.90310967,117.0,142.0,0.86981016,194.0,153.0,0.9175794,124.0,206.0,0.84679276,145.0,168.0,0.65012157,128.0,263.0,0.6104152
guy3_tree091.jpg,169.0,31.0,0.6856448,175.0,26.0,0.53801894,166.0,26.0,0.46951568,189.0,31.0,0.7520094,168.0,29.0,0.38312364,201.0,65.0,0.6124714,156.0,64.0,0.7248953,206.0,98.0,0.5386575,131.0,98.0,0.7092509,171.0,82.0,0.6334982,157.0,79.0,0.5469562,178.0,142.0,0.6635151,154.0,134.0,0.82244956,175.0,204.0,0.72499204,105.0,153.0,0.6091164,170.0,264.0,0.7497284,154.0,167.0,0.6434854
guy3_tree091_flipped.jpg,131.0,31.0,0.6532366,133.0,26.0,0.7674159,124.0,26.0,0.84335744,131.0,28.0,0.76849383,110.0,30.0,0.7736686,146.0,64.0,0.8570845,97.0,65.0,0.9589772,170.0,99.0,0.7785696,91.0,99.0,0.9126025,147.0,80.0,0.6547777,128.0,83.0,0.59074855,143.0,134.0,0.8555474,118.0,141.0,0.8447957,196.0,152.0,0.8467126,126.0,207.0,0.73813176,146.0,167.0,0.65801275,129.0,264.0,0.68646926
guy3_tree092.jpg,167.0,31.0,0.6261737,174.0,26.0,0.39832437,165.0,25.0,0.46431857,188.0,30.0,0.5832797,166.0,29.0,0.49725774,200.0,64.0,0.6730603,154.0,63.0,0.6771891,205.0,97.0,0.63670003,131.0,97.0,0.7138809,170.0,81.0,0.5817951,156.0,78.0,0.6441469,177.0,141.0,0.69763404,152.0,134.0,0.84085584,174.0,205.0,0.7656617,104.0,154.0,0.7327185,169.0,265.0,0.7456151,154.0,167.0,0.7731916
guy3_tree092_flipped.jpg,131.0,31.0,0.79846114,134.0,26.0,0.8308309,124.0,25.0,0.8636721,131.0,28.0,0.510635,111.0,29.0,0.8893075,145.0,62.0,0.8207222,97.0,64.0,0.8836866,169.0,97.0,0.8028414,92.0,97.0,0.9170171,144.0,78.0,0.72256756,129.0,82.0,0.59524477,143.0,133.0,0.85270387,118.0,139.0,0.84454983,195.0,151.0,0.7887998,125.0,206.0,0.8405237,145.0,167.0,0.72034645,130.0,264.0,0.7454686
guy3_tree093.jpg,167.0,30.0,0.824656,174.0,25.0,0.7874116,164.0,25.0,0.56963384,188.0,30.0,0.8302201,167.0,28.0,0.6471324,201.0,63.0,0.83020866,154.0,60.0,0.8887712,203.0,97.0,0.857359,131.0,96.0,0.65164757,168.0,82.0,0.69765794,155.0,79.0,0.51470405,178.0,139.0,0.8038161,152.0,133.0,0.9035528,174.0,204.0,0.78397214,104.0,153.0,0.70389694,169.0,267.0,0.724478,153.0,166.0,0.7347578
guy3_tree093_flipped.jpg,133.0,30.0,0.7379699,134.0,25.0,0.7748428,126.0,25.0,0.80784154,131.0,28.0,0.7231891,112.0,30.0,0.8665679,145.0,60.0,0.855903,98.0,65.0,0.8873221,170.0,98.0,0.71031314,94.0,98.0,0.6812036,145.0,78.0,0.6548201,131.0,82.0,0.6347164,144.0,132.0,0.8558773,119.0,139.0,0.9062017,195.0,150.0,0.6239914,125.0,207.0,0.91067386,146.0,167.0,0.73386794,130.0,264.0,0.7385936
guy3_tree094.jpg,165.0,29.0,0.5835385,172.0,23.0,0.7949825,164.0,23.0,0.66133475,187.0,28.0,0.5194531,167.0,26.0,0.6201019,200.0,63.0,0.66295755,153.0,61.0,0.7922807,201.0,95.0,0.7410598,129.0,96.0,0.7370835,166.0,79.0,0.65442514,152.0,77.0,0.6942968,177.0,138.0,0.727192,151.0,132.0,0.8649435,173.0,203.0,0.7957976,104.0,152.0,0.6216753,167.0,263.0,0.7655439,152.0,165.0,0.78731036
guy3_tree094_flipped.jpg,134.0,29.0,0.72555083,135.0,24.0,0.8530994,127.0,24.0,0.9033693,131.0,27.0,0.73059106,113.0,29.0,0.9035036,146.0,60.0,0.75359166,98.0,63.0,0.9103238,171.0,96.0,0.84936,95.0,98.0,0.7937968,147.0,77.0,0.7342595,132.0,81.0,0.6150865,145.0,131.0,0.8404307,120.0,138.0,0.9024292,196.0,151.0,0.8763562,127.0,205.0,0.7892898,146.0,167.0,0.7049159,131.0,262.0,0.8505572
guy3_tree095.jpg,165.0,29.0,0.73550785,172.0,23.0,0.6824791,164.0,23.0,0.7418442,186.0,28.0,0.6982881,168.0,26.0,0.6427736,199.0,62.0,0.817849,153.0,59.0,0.83554935,202.0,94.0,0.6596682,129.0,98.0,0.602227,165.0,80.0,0.67419344,151.0,77.0,0.68636554,177.0,137.0,0.8444636,150.0,132.0,0.7507713,172.0,202.0,0.60193604,104.0,151.0,0.7448967,166.0,263.0,0.6588666,152.0,165.0,0.79680914
guy3_tree095_flipped.jpg,134.0,29.0,0.67699766,136.0,24.0,0.6929673,128.0,23.0,0.62190163,132.0,26.0,0.78943545,114.0,27.0,0.7929722,146.0,61.0,0.71376514,99.0,62.0,0.94636464,170.0,97.0,0.70305115,97.0,95.0,0.9209411,147.0,77.0,0.792442,133.0,80.0,0.62531424,146.0,131.0,0.89242065,121.0,137.0,0.87964475,197.0,151.0,0.8455651,127.0,206.0,0.8341749,148.0,165.0,0.70610553,132.0,261.0,0.8391166
guy3_tree096.jpg,164.0,28.0,0.770491,170.0,23.0,0.7314623,161.0,23.0,0.59671426,186.0,27.0,0.77103156,166.0,25.0,0.4702583,200.0,62.0,0.7393052,152.0,59.0,0.7729621,200.0,93.0,0.77075756,128.0,97.0,0.9063355,163.0,79.0,0.710552,150.0,76.0,0.6557339,175.0,136.0,0.8131032,149.0,132.0,0.7373634,171.0,201.0,0.6344008,105.0,150.0,0.7712399,167.0,262.0,0.656056,151.0,164.0,0.7645842
guy3_tree096_flipped.jpg,135.0,27.0,0.7851831,137.0,23.0,0.74673456,128.0,22.0,0.70469445,132.0,25.0,0.7641744,113.0,26.0,0.84726125,146.0,58.0,0.7979617,98.0,61.0,0.92900145,171.0,96.0,0.793875,98.0,95.0,0.811533,148.0,75.0,0.74157596,133.0,79.0,0.6355053,145.0,130.0,0.82787144,121.0,136.0,0.90427506,196.0,150.0,0.88344145,127.0,205.0,0.9048714,146.0,165.0,0.7103435,132.0,263.0,0.8219712
guy3_tree097.jpg,164.0,28.0,0.77301943,170.0,22.0,0.6482806,161.0,22.0,0.69599164,185.0,26.0,0.8633466,166.0,25.0,0.48949695,197.0,61.0,0.83756495,153.0,57.0,0.7281509,198.0,92.0,0.7346687,130.0,95.0,0.7053837,162.0,78.0,0.70958304,150.0,77.0,0.5152363,173.0,136.0,0.7540854,149.0,131.0,0.9100679,171.0,202.0,0.5401776,102.0,150.0,0.5360661,165.0,266.0,0.6988938,151.0,164.0,0.77475816
guy3_tree097_flipped.jpg,135.0,27.0,0.71510535,137.0,22.0,0.62381077,129.0,22.0,0.8007829,133.0,25.0,0.77670294,114.0,26.0,0.7940892,147.0,59.0,0.88039947,99.0,61.0,0.9346496,170.0,96.0,0.81296974,99.0,94.0,0.7516176,150.0,74.0,0.6729274,135.0,78.0,0.71485555,146.0,130.0,0.84933275,122.0,137.0,0.84681606,197.0,149.0,0.8769283,128.0,205.0,0.8918055,148.0,165.0,0.7251626,133.0,263.0,0.8342887
guy3_tree098.jpg,163.0,26.0,0.7988901,169.0,20.0,0.7524965,161.0,21.0,0.8342372,185.0,25.0,0.89361095,166.0,24.0,0.5997565,197.0,59.0,0.8535457,151.0,56.0,0.78152037,197.0,92.0,0.85079336,130.0,94.0,0.8303838,161.0,77.0,0.79318905,149.0,75.0,0.5345559,173.0,134.0,0.787326,148.0,129.0,0.92432654,169.0,199.0,0.6645747,103.0,149.0,0.5966104,165.0,261.0,0.7574558,151.0,163.0,0.79425365
guy3_tree098_flipped.jpg,136.0,26.0,0.67926383,138.0,21.0,0.58332497,130.0,21.0,0.84210247,134.0,23.0,0.77032274,116.0,25.0,0.89920264,149.0,57.0,0.8783922,101.0,60.0,0.9506533,170.0,96.0,0.7462746,100.0,93.0,0.760943,149.0,75.0,0.72845495,136.0,77.0,0.694245,147.0,129.0,0.8569664,122.0,136.0,0.8763689,197.0,148.0,0.9084408,129.0,201.0,0.88920677,148.0,164.0,0.7989683,134.0,261.0,0.82463133
guy3_tree099.jpg,162.0,25.0,0.7711687,168.0,20.0,0.8521273,161.0,20.0,0.7707393,183.0,26.0,0.7404576,165.0,24.0,0.6180451,197.0,59.0,0.8211429,151.0,54.0,0.8353749,195.0,91.0,0.7990625,128.0,95.0,0.7737888,160.0,77.0,0.7000537,149.0,75.0,0.63092566,174.0,133.0,0.8433275,149.0,129.0,0.926538,170.0,199.0,0.6808939,104.0,148.0,0.6869577,164.0,262.0,0.7552242,150.0,163.0,0.8058717
guy3_tree099_flipped.jpg,137.0,25.0,0.83080447,139.0,20.0,0.7361585,130.0,20.0,0.6427746,135.0,23.0,0.49421898,116.0,24.0,0.8750645,150.0,56.0,0.88789666,101.0,59.0,0.9353566,171.0,95.0,0.8291899,102.0,91.0,0.8768728,152.0,74.0,0.760697,138.0,76.0,0.5779242,148.0,129.0,0.89680386,123.0,135.0,0.8464271,197.0,146.0,0.9001728,131.0,201.0,0.83564687,150.0,164.0,0.7315515,134.0,261.0,0.7708299
guy3_tree100.jpg,161.0,25.0,0.76111853,168.0,20.0,0.77514255,160.0,20.0,0.7657442,183.0,26.0,0.7098889,164.0,23.0,0.63627505,196.0,59.0,0.8357433,150.0,54.0,0.87299144,195.0,90.0,0.7623465,128.0,94.0,0.8341336,159.0,76.0,0.70880896,150.0,75.0,0.53860426,172.0,133.0,0.8530446,147.0,129.0,0.82984185,169.0,200.0,0.7429014,104.0,147.0,0.70574,164.0,262.0,0.81128466,150.0,162.0,0.7898235
guy3_tree100_flipped.jpg,137.0,25.0,0.75430423,139.0,20.0,0.7960129,131.0,20.0,0.66430223,135.0,23.0,0.45736402,116.0,25.0,0.8183199,146.0,54.0,0.87267935,103.0,60.0,0.7928434,168.0,93.0,0.76907915,106.0,91.0,0.83944327,152.0,73.0,0.51604784,140.0,75.0,0.5325474,148.0,131.0,0.7466869,124.0,138.0,0.74425817,196.0,148.0,0.7705393,130.0,201.0,0.65567577,148.0,163.0,0.70232236,134.0,261.0,0.8318386
guy3_tree101.jpg,160.0,24.0,0.5973285,167.0,19.0,0.8038118,159.0,19.0,0.45848423,182.0,25.0,0.7387707,164.0,22.0,0.37609863,194.0,60.0,0.7913587,151.0,55.0,0.8175548,192.0,89.0,0.68656385,129.0,94.0,0.6329493,158.0,75.0,0.5438533,148.0,74.0,0.6202193,171.0,133.0,0.6672276,148.0,127.0,0.86848825,168.0,199.0,0.8330283,103.0,147.0,0.49302056,163.0,261.0,0.7076124,148.0,161.0,0.6754049
guy3_tree101_flipped.jpg,139.0,25.0,0.7667446,140.0,20.0,0.5607823,132.0,20.0,0.7897281,136.0,23.0,0.34019,117.0,25.0,0.64633,148.0,55.0,0.84878266,104.0,60.0,0.8315563,170.0,95.0,0.67772514,107.0,91.0,0.6746243,152.0,75.0,0.5262486,140.0,77.0,0.64588064,149.0,130.0,0.746972,125.0,138.0,0.67687553,196.0,147.0,0.7384734,131.0,200.0,0.6896551,150.0,162.0,0.6399265,135.0,262.0,0.7646145
guy3_tree102.jpg,159.0,24.0,0.6674172,165.0,19.0,0.8096893,158.0,19.0,0.7181026,181.0,25.0,0.68876207,165.0,22.0,0.6278756,194.0,59.0,0.76417285,149.0,57.0,0.7801771,191.0,89.0,0.74159425,128.0,94.0,0.7319793,156.0,76.0,0.61987066,146.0,74.0,0.6310042,171.0,132.0,0.74054235,148.0,128.0,0.91566396,168.0,197.0,0.7938847,104.0,146.0,0.76243234,163.0,260.0,0.73021436,148.0,160.0,0.7856921
guy3_tree102_flipped.jpg,139.0,24.0,0.8248907,140.0,19.0,0.89222157,133.0,19.0,0.7678448,134.0,22.0,0.7128732,118.0,24.0,0.91168606,150.0,54.0,0.84243,103.0,57.0,0.6679756,171.0,95.0,0.76663506,105.0,90.0,0.75398785,152.0,73.0,0.62868804,140.0,75.0,0.5887553,149.0,127.0,0.9151278,125.0,133.0,0.8368446,196.0,146.0,0.76756155,132.0,197.0,0.7243889,152.0,160.0,0.759524,135.0,259.0,0.8330703
guy3_tree103.jpg,159.0,23.0,0.7228769,166.0,18.0,0.8137553,158.0,18.0,0.59757984,181.0,24.0,0.8512986,163.0,22.0,0.49404553,194.0,58.0,0.77190584,150.0,55.0,0.8292441,191.0,87.0,0.7015863,128.0,94.0,0.7048522,157.0,75.0,0.5985118,146.0,73.0,0.6621273,171.0,132.0,0.8143907,146.0,128.0,0.76952845,168.0,197.0,0.7416824,104.0,146.0,0.67581064,163.0,258.0,0.7977782,148.0,160.0,0.78290296
guy3_tree103_flipped.jpg,140.0,23.0,0.70103824,141.0,18.0,0.5905215,134.0,18.0,0.66721964,136.0,22.0,0.734708,119.0,24.0,0.85562956,150.0,55.0,0.81658363,104.0,58.0,0.892228,172.0,95.0,0.75525045,108.0,87.0,0.72831696,153.0,73.0,0.75750077,142.0,74.0,0.68898445,150.0,127.0,0.91029274,126.0,133.0,0.81885767,196.0,145.0,0.854965,133.0,199.0,0.83100986,153.0,160.0,0.77727765,135.0,257.0,0.7552972
guy3_tree104.jpg,158.0,23.0,0.56505895,165.0,18.0,0.8483316,157.0,18.0,0.59824693,180.0,24.0,0.7555088,162.0,21.0,0.4696976,192.0,57.0,0.81512,149.0,53.0,0.6897469,189.0,87.0,0.5838033,128.0,92.0,0.67294586,155.0,73.0,0.65005285,147.0,73.0,0.4533375,169.0,131.0,0.62917644,147.0,126.0,0.8973576,167.0,196.0,0.85449195,104.0,145.0,0.65102273,162.0,259.0,0.6945972,147.0,160.0,0.71328974
guy3_tree104_flipped.jpg,140.0,24.0,0.81851935,141.0,19.0,0.88034487,133.0,18.0,0.7746984,136.0,22.0,0.6780683,118.0,23.0,0.912358,151.0,54.0,0.85948044,104.0,58.0,0.7485249,170.0,96.0,0.6335961,109.0,90.0,0.7758896,153.0,73.0,0.6605658,142.0,74.0,0.65432775,150.0,126.0,0.9081685,126.0,132.0,0.7308655,196.0,145.0,0.9048723,133.0,197.0,0.7944186,152.0,159.0,0.7404138,135.0,257.0,0.82828546
guy3_tree105.jpg,157.0,23.0,0.7803016,164.0,17.0,0.9257071,156.0,17.0,0.7669903,180.0,23.0,0.80378234,163.0,20.0,0.53914046,193.0,58.0,0.8754449,149.0,53.0,0.7319996,187.0,87.0,0.5871222,127.0,93.0,0.77866364,153.0,73.0,0.68567604,146.0,72.0,0.49867427,169.0,130.0,0.8197965,145.0,126.0,0.83217406,165.0,196.0,0.9131152,104.0,144.0,0.6879723,161.0,258.0,0.81071424,147.0,160.0,0.7118241
guy3_tree105_flipped.jpg,140.0,23.0,0.8139436,141.0,18.0,0.7531187,134.0,18.0,0.6163503,135.0,21.0,0.48499498,118.0,23.0,0.8755332,151.0,54.0,0.87767017,104.0,58.0,0.90691996,171.0,94.0,0.7297344,112.0,89.0,0.5631406,154.0,72.0,0.74740756,144.0,73.0,0.7083007,150.0,125.0,0.893729,127.0,131.0,0.77642655,195.0,143.0,0.91481286,133.0,195.0,0.7347067,152.0,159.0,0.77012444,136.0,256.0,0.8606297
guy3_tree106.jpg,157.0,22.0,0.64974064,164.0,17.0,0.8398472,157.0,17.0,0.5123271,180.0,23.0,0.75909424,161.0,20.0,0.42187715,191.0,58.0,0.89265245,149.0,53.0,0.7807512,186.0,87.0,0.49098048,128.0,92.0,0.758618,152.0,74.0,0.69402266,145.0,73.0,0.5050679,167.0,129.0,0.5776765,145.0,126.0,0.72122693,165.0,196.0,0.7873555,104.0,145.0,0.7309549,162.0,257.0,0.70796955,147.0,161.0,0.7232947
guy3_tree106_flipped.jpg,142.0,23.0,0.8068845,142.0,17.0,0.7703913,135.0,17.0,0.8744266,136.0,21.0,0.63474727,120.0,22.0,0.8786591,151.0,52.0,0.8192542,106.0,57.0,0.8211038,171.0,95.0,0.60691077,114.0,89.0,0.7096945,156.0,72.0,0.6783428,146.0,73.0,0.61568123,150.0,125.0,0.89373136,127.0,131.0,0.7220412,195.0,144.0,0.906036,134.0,196.0,0.7377945,154.0,158.0,0.7791248,137.0,256.0,0.8062843
guy3_tree107.jpg,157.0,23.0,0.5368607,164.0,17.0,0.8123224,156.0,18.0,0.5907208,179.0,23.0,0.74843377,162.0,20.0,0.59291786,192.0,55.0,0.5651171,149.0,54.0,0.7277461,185.0,85.0,0.65391576,129.0,93.0,0.65910596,152.0,72.0,0.7196359,146.0,73.0,0.48798925,168.0,129.0,0.767936,146.0,126.0,0.8248068,165.0,194.0,0.7592032,105.0,144.0,0.6423861,161.0,257.0,0.75665665,147.0,158.0,0.7187508
guy3_tree107_flipped.jpg,142.0,23.0,0.7229403,143.0,18.0,0.62778306,135.0,17.0,0.68284893,138.0,20.0,0.6505375,120.0,22.0,0.8442632,152.0,52.0,0.88342017,105.0,55.0,0.76615477,169.0,94.0,0.7765883,114.0,87.0,0.66410923,156.0,72.0,0.6779815,146.0,72.0,0.518897,150.0,124.0,0.8951472,127.0,130.0,0.76452994,195.0,144.0,0.8930778,135.0,195.0,0.86295575,153.0,159.0,0.76560664,136.0,254.0,0.78007984
guy3_tree108.jpg,157.0,22.0,0.43732363,163.0,17.0,0.7795249,156.0,17.0,0.52216554,179.0,22.0,0.62271845,160.0,20.0,0.30837673,189.0,56.0,0.66656065,149.0,53.0,0.59712255,184.0,86.0,0.47440404,131.0,92.0,0.49573645,152.0,72.0,0.65299225,145.0,72.0,0.44500253,168.0,129.0,0.5640459,146.0,125.0,0.686937,165.0,194.0,0.7091162,106.0,145.0,0.6472716,161.0,257.0,0.72510415,147.0,158.0,0.7155643
guy3_tree108_flipped.jpg,143.0,23.0,0.5575025,143.0,17.0,0.7097473,136.0,17.0,0.8617029,137.0,20.0,0.6636521,120.0,21.0,0.7129664,152.0,52.0,0.8304948,108.0,56.0,0.8862814,169.0,94.0,0.59855413,117.0,87.0,0.645115,156.0,73.0,0.54935974,147.0,73.0,0.59331906,151.0,124.0,0.8756048,128.0,130.0,0.84347343,194.0,144.0,0.8275155,135.0,196.0,0.7151487,154.0,159.0,0.75298756,138.0,258.0,0.771294
guy3_tree109.jpg,156.0,22.0,0.5129717,163.0,17.0,0.804464,156.0,17.0,0.6647277,177.0,22.0,0.69108284,161.0,20.0,0.40068662,190.0,55.0,0.7397538,149.0,52.0,0.7331733,182.0,85.0,0.48013273,130.0,93.0,0.6098905,151.0,71.0,0.67150855,145.0,72.0,0.42293587,167.0,128.0,0.69707847,146.0,124.0,0.8023313,165.0,194.0,0.78589773,106.0,145.0,0.5695165,161.0,257.0,0.77679193,147.0,159.0,0.75738823
guy3_tree109_flipped.jpg,144.0,23.0,0.7614473,144.0,17.0,0.7774129,137.0,17.0,0.8682989,138.0,20.0,0.4023321,121.0,22.0,0.7295046,151.0,52.0,0.8258995,109.0,55.0,0.9071368,170.0,94.0,0.5642513,118.0,86.0,0.6478761,156.0,73.0,0.61791897,147.0,72.0,0.71117944,151.0,122.0,0.8608396,129.0,127.0,0.7316648,194.0,144.0,0.7117947,135.0,194.0,0.65734684,153.0,159.0,0.8092787,137.0,254.0,0.82294333
guy3_tree110.jpg,156.0,22.0,0.71721584,162.0,17.0,0.7263842,155.0,18.0,0.7202733,177.0,22.0,0.70901704,160.0,21.0,0.32611674,189.0,56.0,0.8065442,149.0,53.0,0.700125,180.0,85.0,0.4422518,130.0,93.0,0.6340128,151.0,72.0,0.63924587,144.0,74.0,0.46775758,167.0,128.0,0.6450398,146.0,125.0,0.74469084,165.0,194.0,0.67410105,106.0,145.0,0.58204263,161.0,256.0,0.750527,146.0,157.0,0.72172636
guy3_tree110_flipped.jpg,143.0,23.0,0.70100224,144.0,18.0,0.79864633,136.0,18.0,0.8780726,139.0,21.0,0.5137804,121.0,22.0,0.7130465,152.0,52.0,0.82049525,107.0,55.0,0.8888234,169.0,93.0,0.78706837,117.0,86.0,0.7169001,156.0,73.0,0.69572866,147.0,72.0,0.6501262,150.0,123.0,0.88713866,128.0,127.0,0.76428324,193.0,143.0,0.7452872,135.0,194.0,0.6213482,154.0,158.0,0.7952355,137.0,253.0,0.80183303
guy3_tree111.jpg,155.0,22.0,0.7566128,161.0,17.0,0.5729247,154.0,18.0,0.7856517,177.0,22.0,0.8136916,159.0,21.0,0.42526832,188.0,54.0,0.73083603,148.0,51.0,0.7810393,181.0,84.0,0.6497619,130.0,93.0,0.5816278,151.0,72.0,0.6319477,144.0,72.0,0.50489694,166.0,128.0,0.55398285,146.0,124.0,0.8831717,164.0,193.0,0.72249573,106.0,144.0,0.55476683,161.0,256.0,0.7668356,146.0,157.0,0.7538192
guy3_tree111_flipped.jpg,143.0,23.0,0.643563,144.0,18.0,0.72897017,137.0,17.0,0.7544638,139.0,20.0,0.623413,121.0,22.0,0.71226037,149.0,52.0,0.8473418,109.0,53.0,0.9236916,169.0,93.0,0.70191616,118.0,85.0,0.6068066,157.0,71.0,0.6293354,146.0,72.0,0.653202,150.0,125.0,0.8816166,128.0,130.0,0.8542423,192.0,144.0,0.8730014,135.0,193.0,0.72138816,154.0,158.0,0.69574356,138.0,255.0,0.7347466
guy3_tree112.jpg,156.0,22.0,0.7429006,162.0,17.0,0.7898841,155.0,18.0,0.78555024,177.0,22.0,0.75236964,161.0,20.0,0.30382562,187.0,55.0,0.7106155,150.0,51.0,0.6235941,179.0,83.0,0.51066995,131.0,91.0,0.57022303,151.0,70.0,0.64649045,144.0,70.0,0.4418435,168.0,127.0,0.73885715,146.0,124.0,0.73281544,165.0,192.0,0.7854005,108.0,143.0,0.5636043,161.0,254.0,0.70131505,146.0,156.0,0.69553685
guy3_tree112_flipped.jpg,144.0,23.0,0.59055626,144.0,17.0,0.68982834,137.0,17.0,0.822361,136.0,20.0,0.6980633,121.0,21.0,0.5007494,149.0,51.0,0.7744471,109.0,54.0,0.696846,169.0,92.0,0.67035604,119.0,85.0,0.5532017,156.0,71.0,0.5927865,147.0,71.0,0.736282,150.0,123.0,0.86419326,129.0,128.0,0.87084144,191.0,143.0,0.8932005,135.0,193.0,0.7736713,153.0,157.0,0.71040165,138.0,255.0,0.72286546
guy3_tree113.jpg,154.0,23.0,0.7177651,160.0,18.0,0.8722222,154.0,18.0,0.81364644,177.0,23.0,0.8002196,162.0,20.0,0.5025634,188.0,52.0,0.8325782,148.0,49.0,0.7030343,179.0,81.0,0.57324064,130.0,90.0,0.6611501,151.0,68.0,0.7053058,145.0,69.0,0.50591147,168.0,127.0,0.8239297,147.0,124.0,0.80270326,164.0,192.0,0.5954747,108.0,143.0,0.7768898,160.0,256.0,0.855783,145.0,156.0,0.70299524
guy3_tree113_flipped.jpg,143.0,23.0,0.5773324,144.0,18.0,0.49136087,138.0,18.0,0.45540893,139.0,21.0,0.32782173,123.0,22.0,0.5913036,148.0,48.0,0.65213984,112.0,55.0,0.7271754,169.0,90.0,0.42683953,121.0,82.0,0.5830731,159.0,68.0,0.5347425,148.0,69.0,0.4924001,151.0,124.0,0.7975187,128.0,131.0,0.7739628,190.0,142.0,0.6581352,134.0,194.0,0.7584951,152.0,156.0,0.6960943,138.0,256.0,0.8096974
guy3_tree114.jpg,155.0,23.0,0.74403787,161.0,19.0,0.7602123,155.0,19.0,0.7635187,176.0,22.0,0.75812906,161.0,21.0,0.2615732,189.0,54.0,0.6994253,151.0,53.0,0.67857033,178.0,80.0,0.5241507,129.0,88.0,0.6854818,151.0,66.0,0.51103616,144.0,66.0,0.47291484,167.0,127.0,0.7333944,147.0,124.0,0.88422155,164.0,191.0,0.848582,109.0,143.0,0.6200223,162.0,253.0,0.64923394,145.0,156.0,0.7998308
guy3_tree114_flipped.jpg,143.0,23.0,0.65895045,143.0,18.0,0.70097494,137.0,18.0,0.8054366,136.0,20.0,0.6385899,122.0,22.0,0.77703017,150.0,49.0,0.87432444,109.0,53.0,0.7519636,169.0,87.0,0.6450447,121.0,79.0,0.59505576,155.0,68.0,0.60634965,146.0,66.0,0.69759905,149.0,123.0,0.83577776,128.0,128.0,0.8512537,189.0,143.0,0.8398977,135.0,193.0,0.8355726,152.0,156.0,0.72434837,137.0,254.0,0.7483357
guy3_tree115.jpg,155.0,24.0,0.7152041,161.0,19.0,0.7741387,155.0,19.0,0.739862,177.0,23.0,0.82099193,162.0,22.0,0.30019355,189.0,54.0,0.7215307,151.0,53.0,0.6805476,177.0,78.0,0.59901595,127.0,87.0,0.60125256,151.0,62.0,0.6138919,143.0,63.0,0.5265804,167.0,127.0,0.71590793,147.0,124.0,0.8694222,165.0,193.0,0.8047627,111.0,143.0,0.6067128,161.0,255.0,0.7368232,147.0,155.0,0.7657207
guy3_tree115_flipped.jpg,143.0,24.0,0.56477964,143.0,18.0,0.7349326,137.0,18.0,0.81712484,136.0,20.0,0.6318136,122.0,22.0,0.74255025,150.0,46.0,0.8146853,109.0,53.0,0.8717971,165.0,80.0,0.46089303,123.0,77.0,0.6676093,153.0,63.0,0.53452665,148.0,63.0,0.56918174,150.0,123.0,0.8190336,128.0,129.0,0.8377012,189.0,143.0,0.8798225,134.0,192.0,0.77639174,151.0,154.0,0.74707,138.0,253.0,0.7847572
guy3_tree116.jpg,156.0,22.0,0.5714002,162.0,19.0,0.35057545,156.0,19.0,0.52900475,176.0,23.0,0.64624,161.0,21.0,0.16895148,186.0,52.0,0.60075104,153.0,53.0,0.5283706,177.0,73.0,0.42666137,128.0,85.0,0.6636127,151.0,57.0,0.51821524,144.0,59.0,0.6526442,168.0,127.0,0.6875138,147.0,123.0,0.6931945,164.0,190.0,0.7445819,112.0,143.0,0.5144968,162.0,254.0,0.6012606,146.0,156.0,0.7565746
guy3_tree116_flipped.jpg,143.0,23.0,0.70964515,143.0,18.0,0.6915412,137.0,18.0,0.81754816,136.0,20.0,0.51942974,121.0,22.0,0.80375004,148.0,50.0,0.73698294,109.0,50.0,0.6976142,171.0,83.0,0.7102612,122.0,74.0,0.5474993,155.0,60.0,0.621633,147.0,60.0,0.60350287,148.0,122.0,0.8426028,128.0,127.0,0.87940145,189.0,142.0,0.8545402,135.0,192.0,0.7082045,152.0,156.0,0.721252,138.0,254.0,0.7357354
guy3_tree117.jpg,156.0,23.0,0.7386971,161.0,19.0,0.7761223,156.0,20.0,0.81703544,177.0,22.0,0.83963406,162.0,22.0,0.23447782,187.0,52.0,0.7318206,154.0,54.0,0.70530885,175.0,71.0,0.40911138,128.0,83.0,0.5835383,151.0,54.0,0.62519366,144.0,55.0,0.5002941,168.0,126.0,0.7205763,148.0,123.0,0.7538105,164.0,192.0,0.7846928,113.0,143.0,0.7244315,162.0,253.0,0.67262524,147.0,158.0,0.7620423
guy3_tree117_flipped.jpg,144.0,24.0,0.7299327,144.0,19.0,0.7485568,137.0,18.0,0.52285385,136.0,21.0,0.5905015,122.0,22.0,0.7339031,148.0,51.0,0.6751505,108.0,50.0,0.8231498,172.0,82.0,0.6780339,126.0,72.0,0.4173124,155.0,55.0,0.6862778,147.0,55.0,0.68333614,150.0,122.0,0.85761786,128.0,127.0,0.82527184,187.0,142.0,0.71304685,135.0,192.0,0.8611361,150.0,155.0,0.7301192,138.0,253.0,0.6543322
guy3_tree118.jpg,157.0,24.0,0.7247697,162.0,20.0,0.7736536,156.0,20.0,0.7406423,177.0,23.0,0.8224243,161.0,23.0,0.26492143,190.0,52.0,0.70138276,152.0,55.0,0.7437651,174.0,70.0,0.40188256,126.0,80.0,0.7997899,150.0,51.0,0.53357375,141.0,53.0,0.65980947,168.0,126.0,0.7517842,149.0,122.0,0.5832212,165.0,192.0,0.733827,114.0,143.0,0.71493775,163.0,251.0,0.65920645,148.0,156.0,0.78604794
guy3_tree118_flipped.jpg,142.0,25.0,0.6304054,143.0,19.0,0.6806121,136.0,19.0,0.80611515,135.0,22.0,0.58151394,121.0,24.0,0.7991904,145.0,51.0,0.795702,109.0,48.0,0.6500619,171.0,78.0,0.7796062,128.0,69.0,0.5970922,156.0,50.0,0.75274634,148.0,50.0,0.7507503,148.0,121.0,0.70543474,127.0,127.0,0.85653377,186.0,143.0,0.8305878,134.0,193.0,0.8576821,150.0,156.0,0.7754597,138.0,254.0,0.6750486
guy3_tree119.jpg,157.0,25.0,0.55538267,162.0,21.0,0.65767395,156.0,21.0,0.5496346,178.0,24.0,0.46013808,162.0,23.0,0.23918527,188.0,52.0,0.86314577,157.0,54.0,0.5589802,173.0,66.0,0.49404523,128.0,74.0,0.835184,150.0,48.0,0.5527705,141.0,50.0,0.59336376,168.0,127.0,0.6610858,151.0,124.0,0.73175234,166.0,191.0,0.6976658,115.0,142.0,0.5981594,162.0,253.0,0.8391174,148.0,157.0,0.717166
guy3_tree119_flipped.jpg,142.0,26.0,0.6972018,142.0,21.0,0.7018649,136.0,20.0,0.4724836,134.0,23.0,0.56882197,121.0,24.0,0.7593968,143.0,52.0,0.76332104,109.0,48.0,0.7791281,172.0,77.0,0.8646804,129.0,67.0,0.57526505,156.0,48.0,0.78691626,147.0,47.0,0.7073492,147.0,123.0,0.7083621,127.0,127.0,0.82329035,185.0,144.0,0.84520763,134.0,193.0,0.8677049,149.0,157.0,0.6756356,137.0,253.0,0.7285273
guy3_tree120.jpg,157.0,26.0,0.5572776,162.0,22.0,0.6384303,156.0,23.0,0.5901564,177.0,25.0,0.48317918,161.0,25.0,0.18198755,187.0,52.0,0.82265115,157.0,55.0,0.5456698,172.0,63.0,0.43181205,127.0,71.0,0.6789799,151.0,45.0,0.5188079,141.0,47.0,0.5536381,168.0,127.0,0.60029835,151.0,123.0,0.72286874,166.0,191.0,0.45522702,115.0,143.0,0.5021014,163.0,253.0,0.80929285,148.0,157.0,0.7469443
guy3_tree120_flipped.jpg,141.0,26.0,0.7363068,141.0,20.0,0.664684,136.0,20.0,0.7184331,132.0,23.0,0.50593364,120.0,24.0,0.88039064,141.0,53.0,0.7294304,108.0,49.0,0.74675584,170.0,71.0,0.54906803,131.0,62.0,0.6374596,154.0,44.0,0.7149765,148.0,42.0,0.76606256,145.0,122.0,0.6220349,127.0,126.0,0.79784334,185.0,144.0,0.84938574,134.0,192.0,0.87083924,149.0,157.0,0.72943753,136.0,252.0,0.78322405
guy3_tree121.jpg,158.0,26.0,0.70497286,163.0,22.0,0.68676686,157.0,22.0,0.49920908,179.0,25.0,0.6001247,163.0,25.0,0.23584804,187.0,51.0,0.7947247,157.0,54.0,0.6992235,169.0,60.0,0.5666119,127.0,69.0,0.58844423,152.0,40.0,0.5039088,139.0,43.0,0.49453524,169.0,126.0,0.55089116,152.0,124.0,0.7750199,166.0,192.0,0.6994464,117.0,143.0,0.5501952,163.0,254.0,0.7787605,149.0,156.0,0.736649
guy3_tree121_flipped.jpg,141.0,26.0,0.717117,141.0,21.0,0.7658678,136.0,21.0,0.6848101,133.0,24.0,0.577118,120.0,25.0,0.87879694,144.0,54.0,0.8222972,108.0,49.0,0.7614825,173.0,70.0,0.77676713,131.0,60.0,0.77623224,157.0,42.0,0.82006615,149.0,40.0,0.5763198,146.0,123.0,0.64897335,126.0,127.0,0.8066007,184.0,143.0,0.81216484,133.0,192.0,0.8597152,148.0,157.0,0.72926235,135.0,250.0,0.7675008
guy3_tree122.jpg,160.0,26.0,0.63557184,165.0,22.0,0.49978507,157.0,23.0,0.5449362,179.0,26.0,0.67771983,160.0,25.0,0.15095413,187.0,51.0,0.7626267,157.0,53.0,0.7054226,167.0,57.0,0.53093016,128.0,65.0,0.5638464,150.0,36.0,0.24191263,141.0,39.0,0.512386,169.0,126.0,0.62987304,152.0,123.0,0.75480974,167.0,192.0,0.7007967,119.0,142.0,0.48846796,164.0,253.0,0.76464343,150.0,156.0,0.7406163
guy3_tree122_flipped.jpg,140.0,27.0,0.6203825,141.0,22.0,0.75941247,134.0,22.0,0.76629305,135.0,24.0,0.41211373,119.0,26.0,0.83714163,142.0,51.0,0.74625087,109.0,47.0,0.58227473,172.0,66.0,0.7515024,130.0,57.0,0.5869135,157.0,38.0,0.8022463,148.0,36.0,0.5618051,146.0,123.0,0.5799948,126.0,127.0,0.8598846,183.0,144.0,0.8341805,132.0,192.0,0.8932514,147.0,155.0,0.7063003,134.0,250.0,0.8477727
guy3_tree123.jpg,159.0,26.0,0.6672925,165.0,23.0,0.32026017,159.0,23.0,0.6602857,180.0,28.0,0.5449727,163.0,25.0,0.22617477,187.0,51.0,0.7942616,155.0,53.0,0.66576743,166.0,52.0,0.50244087,127.0,61.0,0.6852881,150.0,31.0,0.43140244,140.0,35.0,0.62341636,169.0,126.0,0.5122388,153.0,123.0,0.5667901,168.0,193.0,0.6974008,119.0,144.0,0.6041814,164.0,253.0,0.73715335,150.0,158.0,0.7260635
guy3_tree123_flipped.jpg,140.0,27.0,0.5048127,141.0,22.0,0.55745333,134.0,22.0,0.6038086,136.0,27.0,0.45275095,119.0,28.0,0.79009557,144.0,52.0,0.7524617,108.0,48.0,0.7561259,172.0,63.0,0.8973636,131.0,53.0,0.45455635,158.0,35.0,0.81455976,149.0,31.0,0.4991517,146.0,124.0,0.5692935,126.0,128.0,0.7396802,183.0,144.0,0.796619,133.0,192.0,0.8289218,148.0,155.0,0.7144624,134.0,250.0,0.7935293
guy3_tree124.jpg,160.0,28.0,0.44843853,165.0,25.0,0.6733104,158.0,25.0,0.45415625,180.0,28.0,0.7829358,164.0,27.0,0.3415409,190.0,50.0,0.781742,156.0,53.0,0.5974818,168.0,49.0,0.482717,128.0,59.0,0.6302942,150.0,30.0,0.48083422,141.0,32.0,0.6081912,170.0,127.0,0.6448332,154.0,124.0,0.5972656,168.0,193.0,0.6803384,120.0,143.0,0.6779311,165.0,252.0,0.73887926,151.0,157.0,0.6951967
guy3_tree124_flipped.jpg,138.0,28.0,0.6110095,139.0,24.0,0.59504503,134.0,24.0,0.6317048,133.0,28.0,0.51762307,119.0,28.0,0.7008362,141.0,53.0,0.7647437,108.0,47.0,0.89072907,172.0,60.0,0.73112535,132.0,50.0,0.4752834,158.0,34.0,0.7665713,146.0,29.0,0.5518898,145.0,124.0,0.6144649,125.0,128.0,0.76502246,181.0,145.0,0.7785921,131.0,193.0,0.82370883,147.0,157.0,0.7235002,134.0,249.0,0.8054838
guy3_tree125.jpg,159.0,31.0,0.63572574,164.0,26.0,0.71237856,159.0,26.0,0.6403342,180.0,28.0,0.7718537,166.0,28.0,0.59277475,191.0,48.0,0.8092792,157.0,53.0,0.80038285,167.0,47.0,0.42764673,128.0,55.0,0.7415495,151.0,23.0,0.40126872,142.0,27.0,0.6410034,171.0,127.0,0.6152377,154.0,124.0,0.7521135,168.0,194.0,0.5679482,120.0,144.0,0.7248686,166.0,253.0,0.8761405,152.0,156.0,0.719149
guy3_tree125_flipped.jpg,138.0,30.0,0.6160059,138.0,25.0,0.6880359,133.0,24.0,0.7281268,133.0,29.0,0.58647835,118.0,28.0,0.87101936,142.0,53.0,0.7819578,108.0,48.0,0.8563088,170.0,54.0,0.9312383,132.0,47.0,0.68932307,155.0,27.0,0.701515,145.0,24.0,0.62958515,144.0,124.0,0.6150532,125.0,127.0,0.8637717,180.0,145.0,0.7712388,131.0,193.0,0.8581115,146.0,156.0,0.7344693,133.0,250.0,0.7945672
guy3_tree126.jpg,159.0,32.0,0.55626255,164.0,27.0,0.78002286,159.0,28.0,0.6640369,180.0,29.0,0.6485413,166.0,29.0,0.46739823,191.0,48.0,0.8234681,157.0,52.0,0.7506707,167.0,46.0,0.37241685,127.0,52.0,0.79160154,152.0,21.0,0.5715708,143.0,23.0,0.7209373,170.0,127.0,0.7214009,154.0,124.0,0.72234297,169.0,193.0,0.5860237,121.0,144.0,0.73392737,166.0,252.0,0.85968655,152.0,156.0,0.6657881
guy3_tree126_flipped.jpg,136.0,31.0,0.54983276,138.0,26.0,0.6381558,132.0,25.0,0.65973836,134.0,30.0,0.5633117,118.0,29.0,0.8829771,142.0,54.0,0.83688617,109.0,48.0,0.7826555,170.0,52.0,0.90291023,131.0,45.0,0.6734494,155.0,24.0,0.7337651,145.0,21.0,0.6522471,143.0,125.0,0.8301859,124.0,127.0,0.86808705,179.0,146.0,0.7947885,131.0,194.0,0.8716873,145.0,157.0,0.69650763,133.0,251.0,0.8442764
guy3_tree127.jpg,161.0,33.0,0.5007934,165.0,28.0,0.7704725,161.0,28.0,0.5711797,181.0,30.0,0.80313575,167.0,29.0,0.5421849,193.0,48.0,0.8176367,158.0,51.0,0.813537,166.0,43.0,0.3502223,130.0,52.0,0.92528796,152.0,18.0,0.74832445,145.0,21.0,0.71957177,173.0,126.0,0.818503,155.0,124.0,0.88308185,169.0,193.0,0.8361238,122.0,144.0,0.8138958,167.0,251.0,0.84462035,153.0,158.0,0.7543276
guy3_tree127_flipped.jpg,135.0,32.0,0.63056433,136.0,27.0,0.73643047,130.0,26.0,0.7518709,133.0,31.0,0.65545535,117.0,31.0,0.85811985,140.0,53.0,0.74670315,108.0,51.0,0.8020251,169.0,50.0,0.90565455,130.0,43.0,0.48822728,153.0,23.0,0.7669265,145.0,21.0,0.6383757,143.0,126.0,0.8138032,124.0,128.0,0.8739595,178.0,147.0,0.76274514,130.0,193.0,0.9033215,145.0,158.0,0.748415,133.0,251.0,0.8335111
guy3_tree128.jpg,162.0,32.0,0.65147424,167.0,28.0,0.62656343,162.0,27.0,0.64219195,182.0,30.0,0.59548223,170.0,29.0,0.55377674,190.0,50.0,0.8211682,157.0,52.0,0.81758416,169.0,40.0,0.49074662,129.0,47.0,0.7555251,154.0,16.0,0.69891936,144.0,19.0,0.5402403,172.0,128.0,0.6318548,156.0,124.0,0.7659308,170.0,194.0,0.7873566,124.0,145.0,0.7469666,168.0,252.0,0.8993021,155.0,156.0,0.7515549
guy3_tree128_flipped.jpg,135.0,32.0,0.56811684,134.0,27.0,0.60038674,129.0,27.0,0.6451918,128.0,31.0,0.71095455,117.0,33.0,0.7009789,142.0,53.0,0.8509493,108.0,52.0,0.86893576,168.0,47.0,0.9194702,132.0,39.0,0.50142944,152.0,19.0,0.75965905,146.0,16.0,0.8526282,143.0,127.0,0.81790954,124.0,130.0,0.8632581,178.0,148.0,0.8120782,130.0,195.0,0.8846593,145.0,158.0,0.7552989,133.0,251.0,0.806022
guy3_tree129.jpg,163.0,34.0,0.5860859,168.0,30.0,0.60544485,163.0,29.0,0.65972084,182.0,32.0,0.568092,171.0,30.0,0.6070975,189.0,50.0,0.8062856,157.0,51.0,0.8201691,169.0,36.0,0.4149995,133.0,42.0,0.923009,155.0,13.0,0.6187225,145.0,14.0,0.6741035,173.0,127.0,0.83975697,157.0,124.0,0.9006629,169.0,194.0,0.8880751,124.0,144.0,0.7112721,168.0,251.0,0.88495034,155.0,157.0,0.8108123
guy3_tree129_flipped.jpg,136.0,33.0,0.56029516,134.0,29.0,0.5606747,131.0,28.0,0.5928575,125.0,31.0,0.6170293,118.0,32.0,0.59902686,140.0,51.0,0.8459533,108.0,53.0,0.9018632,167.0,43.0,0.8826824,130.0,37.0,0.42819536,151.0,14.0,0.707899,143.0,13.0,0.88619745,143.0,127.0,0.8376943,124.0,129.0,0.86108047,177.0,148.0,0.60506153,130.0,194.0,0.86776906,145.0,158.0,0.7937815,132.0,251.0,0.8227297
guy3_tree130.jpg,164.0,35.0,0.66349,169.0,30.0,0.5292436,163.0,30.0,0.7532063,182.0,32.0,0.6272085,170.0,31.0,0.45314753,189.0,51.0,0.8476366,158.0,50.0,0.85073483,168.0,30.0,0.43345717,133.0,38.0,0.6915555,158.0,9.0,0.7905141,146.0,11.0,0.67304546,174.0,127.0,0.85534877,158.0,125.0,0.90482974,170.0,195.0,0.88422096,125.0,145.0,0.7903832,168.0,253.0,0.8988662,155.0,157.0,0.83103657
guy3_tree130_flipped.jpg,135.0,34.0,0.4871606,133.0,29.0,0.619653,130.0,29.0,0.6147196,129.0,31.0,0.4194255,118.0,33.0,0.6185848,140.0,51.0,0.7658788,110.0,53.0,0.78454727,166.0,39.0,0.5446647,129.0,36.0,0.13325015,151.0,12.0,0.6960495,142.0,10.0,0.6698447,143.0,129.0,0.78191996,123.0,131.0,0.7825674,173.0,147.0,0.7111524,128.0,193.0,0.69534093,144.0,157.0,0.686977,131.0,252.0,0.79377544
guy3_tree131.jpg,162.0,36.0,0.5654369,167.0,32.0,0.63395184,163.0,31.0,0.71082187,181.0,32.0,0.6698754,173.0,31.0,0.48870692,189.0,52.0,0.64843017,162.0,52.0,0.7608134,174.0,25.0,0.42108268,134.0,36.0,0.7501247,160.0,6.0,0.7922517,151.0,8.0,0.7213372,173.0,128.0,0.82410073,158.0,126.0,0.91228473,170.0,196.0,0.9130794,126.0,145.0,0.8049849,169.0,252.0,0.90679795,156.0,159.0,0.8656054
guy3_tree131_flipped.jpg,134.0,32.0,0.5626948,131.0,27.0,0.5399742,128.0,28.0,0.46516842,125.0,30.0,0.60568774,118.0,32.0,0.6148329,138.0,51.0,0.82359815,110.0,51.0,0.8164263,163.0,33.0,0.8570725,128.0,25.0,0.5145206,150.0,7.0,0.795625,142.0,6.0,0.7375295,141.0,126.0,0.87503994,124.0,128.0,0.8663403,175.0,149.0,0.6428385,129.0,193.0,0.7616639,144.0,159.0,0.8052876,131.0,251.0,0.79980433
guy3_tree132.jpg,163.0,35.0,0.602002,167.0,32.0,0.51987123,164.0,32.0,0.6233643,180.0,35.0,0.7025543,172.0,34.0,0.6041283,187.0,51.0,0.75853777,164.0,54.0,0.7252666,175.0,24.0,0.29604077,139.0,33.0,0.94069654,160.0,7.0,0.7180438,155.0,7.0,0.6652814,174.0,132.0,0.876734,156.0,131.0,0.92657745,170.0,195.0,0.7009231,127.0,146.0,0.6541316,168.0,253.0,0.6241347,153.0,161.0,0.79737836
guy3_tree132_flipped.jpg,136.0,35.0,0.6291001,133.0,31.0,0.7058089,131.0,31.0,0.786531,124.0,33.0,0.5222535,119.0,35.0,0.6952911,137.0,53.0,0.82093877,111.0,53.0,0.8820031,160.0,32.0,0.79358876,125.0,22.0,0.72473246,148.0,5.0,0.66131276,141.0,3.0,0.61745316,141.0,128.0,0.8477045,124.0,131.0,0.78554285,174.0,150.0,0.70428693,129.0,195.0,0.79343283,143.0,161.0,0.76603615,131.0,253.0,0.7432152
guy3_tree133.jpg,164.0,35.0,0.5137718,170.0,32.0,0.46432298,165.0,30.0,0.6637475,183.0,36.0,0.5135743,173.0,34.0,0.49332258,187.0,51.0,0.7081148,165.0,53.0,0.75193346,175.0,21.0,0.24583629,143.0,31.0,0.8381047,162.0,6.0,0.5972849,155.0,6.0,0.46297747,174.0,132.0,0.7981584,156.0,131.0,0.8980048,169.0,198.0,0.66636,128.0,147.0,0.5700421,168.0,254.0,0.67588997,153.0,162.0,0.6938963
guy3_tree133_flipped.jpg,135.0,33.0,0.63175344,132.0,29.0,0.6324631,131.0,29.0,0.6710937,123.0,31.0,0.61202025,119.0,32.0,0.65047514,136.0,53.0,0.8765869,111.0,52.0,0.88843423,156.0,29.0,0.8484313,126.0,17.0,0.54373693,146.0,2.0,0.63355803,138.0,0.0,0.7041495,140.0,128.0,0.8728077,123.0,130.0,0.7916416,174.0,151.0,0.7609643,129.0,195.0,0.72076803,143.0,160.0,0.7798977,130.0,252.0,0.8435701
guy3_tree134.jpg,163.0,37.0,0.3562308,169.0,33.0,0.5134069,165.0,32.0,0.56066626,181.0,36.0,0.5017085,174.0,36.0,0.44137242,188.0,53.0,0.7819849,166.0,53.0,0.7238234,176.0,21.0,0.4252212,146.0,30.0,0.82019067,165.0,9.0,0.45988783,158.0,5.0,0.29051238,174.0,134.0,0.83612823,157.0,132.0,0.9156192,170.0,198.0,0.6002919,129.0,148.0,0.6121578,169.0,254.0,0.7374445,154.0,161.0,0.69828343
guy3_tree134_flipped.jpg,135.0,36.0,0.5880102,132.0,32.0,0.5764283,131.0,32.0,0.71987355,124.0,34.0,0.5446827,119.0,34.0,0.56915325,133.0,53.0,0.7331822,111.0,52.0,0.8220397,153.0,28.0,0.83648676,125.0,17.0,0.59672624,152.0,24.0,0.26244348,134.0,0.0,0.63954294,140.0,128.0,0.7980997,123.0,131.0,0.78681046,172.0,151.0,0.68062323,129.0,196.0,0.809543,143.0,162.0,0.63955927,130.0,253.0,0.83633626
guy3_tree135.jpg,167.0,37.0,0.385499,172.0,34.0,0.49209195,166.0,33.0,0.5433405,183.0,39.0,0.59247994,172.0,36.0,0.30382627,186.0,55.0,0.48594415,166.0,54.0,0.6912449,179.0,21.0,0.21141613,148.0,28.0,0.74197996,168.0,6.0,0.44604242,159.0,5.0,0.18511975,175.0,134.0,0.7283406,157.0,132.0,0.85356367,171.0,198.0,0.68975115,131.0,149.0,0.42701203,169.0,255.0,0.67617005,154.0,163.0,0.6896719
guy3_tree135_flipped.jpg,134.0,37.0,0.53322506,132.0,33.0,0.5726805,130.0,33.0,0.66230875,123.0,35.0,0.4855623,118.0,35.0,0.5616767,132.0,55.0,0.77973855,112.0,53.0,0.83525443,150.0,27.0,0.7926221,123.0,16.0,0.4944859,150.0,25.0,0.3399081,133.0,1.0,0.5309136,139.0,130.0,0.8313833,123.0,133.0,0.78681576,172.0,152.0,0.60515726,128.0,196.0,0.6404274,143.0,162.0,0.65204906,129.0,254.0,0.790913
guy3_tree136.jpg,163.0,42.0,0.53212595,167.0,36.0,0.43333828,166.0,36.0,0.647338,181.0,37.0,0.6887944,177.0,36.0,0.5588851,189.0,54.0,0.74490124,167.0,56.0,0.7858857,175.0,10.0,0.37536743,152.0,26.0,0.7113381,167.0,-2.0,0.29720175,155.0,25.0,0.10763362,174.0,132.0,0.784436,159.0,130.0,0.9313264,171.0,198.0,0.7734134,130.0,148.0,0.7058581,169.0,255.0,0.9077836,156.0,162.0,0.7871982
guy3_tree136_flipped.jpg,134.0,39.0,0.63430643,133.0,35.0,0.70687425,131.0,35.0,0.70477474,123.0,37.0,0.6110545,118.0,37.0,0.5890646,131.0,57.0,0.8007118,110.0,57.0,0.72478116,147.0,25.0,0.76126087,120.0,18.0,0.64783597,142.0,0.0,0.4769483,132.0,-1.0,0.5026549,138.0,131.0,0.8978784,122.0,133.0,0.7902225,172.0,153.0,0.6963789,128.0,196.0,0.8035944,142.0,163.0,0.73127085,129.0,254.0,0.8573303
guy3_tree137.jpg,164.0,42.0,0.49634242,168.0,36.0,0.4695458,166.0,36.0,0.6894211,182.0,38.0,0.63276064,176.0,38.0,0.639005,189.0,55.0,0.83516717,167.0,57.0,0.58082163,177.0,14.0,0.33800048,155.0,26.0,0.5461581,169.0,-2.0,0.26574895,157.0,25.0,0.15760452,174.0,134.0,0.6807435,159.0,132.0,0.91370845,172.0,200.0,0.70547354,131.0,148.0,0.62322825,170.0,256.0,0.8276625,156.0,163.0,0.74726176
guy3_tree137_flipped.jpg,134.0,42.0,0.50299805,132.0,36.0,0.5889159,130.0,37.0,0.60087615,123.0,38.0,0.63831687,117.0,38.0,0.55795383,132.0,57.0,0.748589,110.0,58.0,0.72269905,145.0,24.0,0.66555685,119.0,18.0,0.5486676,140.0,1.0,0.3953482,130.0,0.0,0.44104555,138.0,133.0,0.88727796,123.0,135.0,0.86807597,171.0,153.0,0.6575991,128.0,198.0,0.7967674,141.0,165.0,0.6986226,129.0,255.0,0.8453604
guy3_tree138.jpg,165.0,44.0,0.51734996,169.0,38.0,0.41201904,166.0,38.0,0.599615,183.0,39.0,0.6306733,176.0,40.0,0.52087176,190.0,57.0,0.7805494,170.0,59.0,0.59073055,179.0,15.0,0.6016317,157.0,24.0,0.53640497,170.0,-1.0,0.32325283,158.0,19.0,0.18195575,176.0,135.0,0.6748825,161.0,133.0,0.8468311,173.0,201.0,0.76636183,132.0,148.0,0.72907716,170.0,257.0,0.7648349,157.0,165.0,0.6894345
guy3_tree138_flipped.jpg,134.0,45.0,0.55758417,133.0,41.0,0.5117394,130.0,41.0,0.50772375,123.0,41.0,0.34519637,118.0,42.0,0.43280897,129.0,56.0,0.6109707,110.0,59.0,0.67299575,140.0,26.0,0.7602986,120.0,21.0,0.54896444,137.0,5.0,0.3062204,124.0,8.0,0.19711518,138.0,134.0,0.8213532,122.0,137.0,0.7452241,169.0,153.0,0.66712457,127.0,199.0,0.6234773,140.0,165.0,0.47125223,129.0,256.0,0.7881409
guy3_tree139.jpg,165.0,45.0,0.4818021,170.0,39.0,0.6910698,166.0,39.0,0.54188,183.0,41.0,0.67782193,175.0,41.0,0.55473745,189.0,59.0,0.73982596,169.0,60.0,0.8002329,177.0,16.0,0.57137877,159.0,25.0,0.62436867,171.0,0.0,0.29935184,159.0,24.0,0.12900534,176.0,134.0,0.71646357,161.0,132.0,0.8822106,172.0,200.0,0.8232615,133.0,149.0,0.63339245,170.0,257.0,0.8632202,157.0,166.0,0.7587346
guy3_tree139_flipped.jpg,134.0,46.0,0.46752292,132.0,42.0,0.63124835,130.0,41.0,0.5634354,122.0,42.0,0.57089823,117.0,42.0,0.6186292,131.0,61.0,0.6553162,110.0,62.0,0.6668689,138.0,27.0,0.6108636,119.0,21.0,0.53408736,135.0,1.0,0.32593015,127.0,0.0,0.6224721,137.0,135.0,0.86899424,123.0,137.0,0.81193346,168.0,155.0,0.5496512,128.0,199.0,0.74461305,142.0,169.0,0.53322357,128.0,255.0,0.7973629
guy3_tree140.jpg,166.0,46.0,0.48832175,170.0,40.0,0.65523636,167.0,40.0,0.48526344,184.0,43.0,0.6595737,176.0,42.0,0.597102,190.0,60.0,0.7855922,169.0,60.0,0.7385331,179.0,17.0,0.52834046,162.0,23.0,0.5556597,172.0,0.0,0.2278553,163.0,1.0,0.30332044,176.0,136.0,0.83093655,161.0,134.0,0.865939,172.0,202.0,0.8234805,132.0,151.0,0.56827116,171.0,259.0,0.77322876,157.0,166.0,0.730929
guy3_tree140_flipped.jpg,134.0,47.0,0.53584045,133.0,41.0,0.6676135,129.0,41.0,0.47677892,124.0,41.0,0.64493793,117.0,42.0,0.5863102,129.0,59.0,0.69763356,109.0,61.0,0.7378664,135.0,24.0,0.53640544,121.0,19.0,0.5772459,133.0,2.0,0.24842611,127.0,1.0,0.47443578,137.0,136.0,0.89563215,122.0,138.0,0.8474154,168.0,155.0,0.48503715,127.0,202.0,0.73230946,141.0,167.0,0.57039636,128.0,258.0,0.7991414
guy3_tree141.jpg,166.0,47.0,0.5202295,171.0,41.0,0.48997012,167.0,42.0,0.61072814,184.0,44.0,0.7362529,175.0,44.0,0.5393368,190.0,62.0,0.8151991,169.0,63.0,0.6231216,179.0,21.0,0.46263242,160.0,33.0,0.23811266,171.0,1.0,0.31831533,160.0,24.0,0.16540325,175.0,138.0,0.7077115,160.0,137.0,0.9215106,172.0,203.0,0.7889006,133.0,151.0,0.55515355,171.0,259.0,0.85896266,156.0,166.0,0.65974575
guy3_tree141_flipped.jpg,134.0,47.0,0.5506338,132.0,42.0,0.7013296,129.0,41.0,0.5073038,124.0,43.0,0.51898474,117.0,44.0,0.53029436,130.0,62.0,0.66675025,109.0,62.0,0.85537064,136.0,27.0,0.5662811,118.0,23.0,0.5185237,134.0,1.0,0.33835346,127.0,1.0,0.57192886,137.0,136.0,0.8894714,123.0,138.0,0.8483844,168.0,156.0,0.6137129,127.0,202.0,0.7111226,141.0,169.0,0.66370654,129.0,258.0,0.7547475
guy3_tree142.jpg,166.0,47.0,0.6280277,170.0,43.0,0.76882076,166.0,43.0,0.7030003,183.0,44.0,0.5807743,173.0,45.0,0.51277864,189.0,63.0,0.79198736,170.0,64.0,0.75247836,178.0,20.0,0.5387317,161.0,27.0,0.43165112,170.0,5.0,0.2814535,160.0,25.0,0.17870724,175.0,139.0,0.83697844,160.0,138.0,0.90979743,172.0,203.0,0.75602925,133.0,153.0,0.72158664,171.0,259.0,0.7851989,157.0,167.0,0.6400424
guy3_tree142_flipped.jpg,133.0,48.0,0.53640115,132.0,43.0,0.68459,129.0,43.0,0.55384666,122.0,44.0,0.55973166,116.0,45.0,0.5393478,131.0,61.0,0.6336574,109.0,62.0,0.8709784,137.0,29.0,0.5118502,120.0,23.0,0.71963096,133.0,2.0,0.33855933,128.0,2.0,0.52355963,136.0,137.0,0.89799786,123.0,139.0,0.87683094,167.0,157.0,0.6035803,127.0,203.0,0.7078019,140.0,170.0,0.67058086,128.0,259.0,0.796013
guy3_tree143.jpg,166.0,48.0,0.61069864,171.0,43.0,0.6632607,166.0,43.0,0.6718968,183.0,46.0,0.58527845,173.0,46.0,0.39826766,189.0,64.0,0.6354292,170.0,65.0,0.76603144,177.0,19.0,0.44089767,161.0,27.0,0.4606412,171.0,6.0,0.3478826,160.0,28.0,0.23431438,176.0,140.0,0.74062383,161.0,139.0,0.8209182,173.0,204.0,0.67878,133.0,154.0,0.65701324,172.0,259.0,0.78978956,157.0,168.0,0.6944882
guy3_tree143_flipped.jpg,134.0,49.0,0.56096154,131.0,44.0,0.6738663,130.0,44.0,0.63037014,121.0,44.0,0.61427546,117.0,45.0,0.6035856,128.0,63.0,0.7421226,109.0,64.0,0.74839616,135.0,30.0,0.687039,120.0,24.0,0.64364696,133.0,3.0,0.29522848,128.0,2.0,0.7396052,136.0,139.0,0.8933444,122.0,141.0,0.8678143,167.0,157.0,0.41032255,127.0,205.0,0.72529596,142.0,170.0,0.5109276,128.0,259.0,0.7694529
guy3_tree144.jpg,166.0,49.0,0.5706896,171.0,44.0,0.71239454,167.0,44.0,0.6984226,184.0,46.0,0.5919969,174.0,47.0,0.46492463,189.0,64.0,0.7561761,169.0,66.0,0.7076742,178.0,23.0,0.5385926,162.0,28.0,0.39876452,171.0,4.0,0.42829922,161.0,29.0,0.17595774,175.0,140.0,0.6861861,160.0,139.0,0.9052397,173.0,205.0,0.74441177,134.0,154.0,0.6646512,171.0,259.0,0.8123685,157.0,169.0,0.6944921
guy3_tree144_flipped.jpg,133.0,50.0,0.59947616,131.0,46.0,0.6799283,129.0,45.0,0.6537108,121.0,47.0,0.5500233,116.0,48.0,0.62993574,128.0,65.0,0.7294943,109.0,66.0,0.8620816,136.0,34.0,0.6593368,120.0,27.0,0.6687223,133.0,4.0,0.43928897,126.0,5.0,0.7709519,135.0,140.0,0.8897517,122.0,142.0,0.8696145,166.0,158.0,0.54305923,127.0,205.0,0.7552839,140.0,172.0,0.60378456,128.0,260.0,0.8204676
guy3_tree145.jpg,167.0,50.0,0.602004,172.0,46.0,0.6575677,168.0,46.0,0.6764571,183.0,48.0,0.5638864,173.0,49.0,0.4667176,189.0,67.0,0.79165804,169.0,68.0,0.7274788,178.0,28.0,0.55918455,163.0,32.0,0.518626,171.0,6.0,0.6559991,162.0,7.0,0.35732347,175.0,143.0,0.6588953,161.0,141.0,0.9144344,173.0,207.0,0.76011395,134.0,156.0,0.63838774,171.0,261.0,0.8329524,157.0,171.0,0.7235037
guy3_tree145_flipped.jpg,133.0,52.0,0.5757221,131.0,47.0,0.77325445,129.0,47.0,0.64208543,122.0,49.0,0.58891624,116.0,49.0,0.61550605,128.0,67.0,0.7293855,109.0,68.0,0.8904494,136.0,36.0,0.6280986,120.0,29.0,0.6444936,133.0,7.0,0.4761378,127.0,5.0,0.66474414,136.0,141.0,0.90511596,123.0,143.0,0.87479556,166.0,159.0,0.6705167,128.0,204.0,0.7558117,140.0,173.0,0.70514727,129.0,260.0,0.81594205
guy3_tree146.jpg,167.0,51.0,0.6131304,171.0,46.0,0.6411411,167.0,46.0,0.630389,183.0,48.0,0.5883014,173.0,49.0,0.4798709,189.0,67.0,0.7559259,170.0,69.0,0.73531806,178.0,28.0,0.48440206,163.0,36.0,0.34858167,171.0,6.0,0.64610374,163.0,6.0,0.32984406,176.0,142.0,0.7256548,162.0,141.0,0.8246707,173.0,207.0,0.82544446,135.0,156.0,0.58851147,171.0,261.0,0.8931266,158.0,173.0,0.6361424
guy3_tree146_flipped.jpg,133.0,52.0,0.48891595,130.0,48.0,0.70502406,128.0,48.0,0.59925383,121.0,50.0,0.56006515,115.0,50.0,0.57659644,128.0,69.0,0.7488713,109.0,70.0,0.6647591,135.0,39.0,0.63759136,120.0,31.0,0.66892564,133.0,9.0,0.466297,127.0,7.0,0.63991296,136.0,141.0,0.9016437,123.0,144.0,0.8769026,166.0,159.0,0.6298233,129.0,205.0,0.7585112,140.0,174.0,0.68019676,128.0,260.0,0.82348114
guy3_tree147.jpg,166.0,54.0,0.6479676,170.0,50.0,0.77860373,166.0,49.0,0.7252092,183.0,51.0,0.5294816,173.0,52.0,0.4984138,189.0,70.0,0.77696264,171.0,71.0,0.7406914,178.0,30.0,0.47795698,165.0,36.0,0.36317918,170.0,9.0,0.567926,163.0,10.0,0.3230623,175.0,145.0,0.6473382,162.0,143.0,0.7956384,172.0,208.0,0.8310523,135.0,158.0,0.7386965,171.0,262.0,0.88534683,158.0,174.0,0.73163337
guy3_tree147_flipped.jpg,132.0,53.0,0.38466716,130.0,49.0,0.6901384,128.0,48.0,0.59876907,123.0,50.0,0.5837766,116.0,51.0,0.46323717,128.0,69.0,0.7178897,109.0,71.0,0.64295745,134.0,37.0,0.59296674,119.0,31.0,0.528457,134.0,9.0,0.3275261,125.0,11.0,0.5529323,135.0,142.0,0.86529136,123.0,145.0,0.83389306,164.0,160.0,0.60704595,128.0,204.0,0.64616853,140.0,175.0,0.64941067,128.0,261.0,0.76701665
guy3_tree148.jpg,166.0,55.0,0.65948707,170.0,50.0,0.74427587,166.0,50.0,0.6999813,183.0,52.0,0.5871938,173.0,52.0,0.4760927,189.0,70.0,0.7169436,172.0,71.0,0.7172462,178.0,31.0,0.49900836,164.0,41.0,0.35028258,170.0,11.0,0.47137564,163.0,9.0,0.27317128,175.0,145.0,0.67090404,161.0,143.0,0.7725142,172.0,209.0,0.80513537,135.0,159.0,0.64549404,171.0,263.0,0.9054008,158.0,176.0,0.6773289
guy3_tree148_flipped.jpg,133.0,56.0,0.51946133,131.0,52.0,0.68095344,129.0,50.0,0.54351676,123.0,52.0,0.5706997,117.0,53.0,0.57805693,128.0,70.0,0.738407,109.0,72.0,0.7129767,134.0,40.0,0.56841624,119.0,32.0,0.58546585,133.0,10.0,0.44125673,127.0,9.0,0.73187894,136.0,143.0,0.89074755,123.0,145.0,0.8697968,166.0,161.0,0.44308117,128.0,207.0,0.7444061,140.0,177.0,0.66310436,128.0,263.0,0.823597
guy3_tree149.jpg,167.0,55.0,0.630767,171.0,51.0,0.61718965,167.0,51.0,0.6403544,183.0,54.0,0.6300322,173.0,53.0,0.41723782,189.0,72.0,0.64517117,173.0,73.0,0.6100505,178.0,33.0,0.49059802,165.0,42.0,0.33526188,170.0,12.0,0.3996803,163.0,11.0,0.2607516,175.0,146.0,0.59531325,161.0,145.0,0.74313927,172.0,211.0,0.7183662,135.0,159.0,0.5675668,171.0,264.0,0.8097155,158.0,177.0,0.68312
guy3_tree149_flipped.jpg,132.0,56.0,0.5808461,131.0,52.0,0.7753919,128.0,51.0,0.66055125,123.0,54.0,0.569666,117.0,54.0,0.5190977,128.0,72.0,0.733028,109.0,72.0,0.88169765,135.0,43.0,0.4282378,119.0,34.0,0.58293617,134.0,12.0,0.4145736,127.0,12.0,0.68375105,135.0,144.0,0.8915262,123.0,146.0,0.8773987,166.0,163.0,0.46480876,129.0,206.0,0.74847144,138.0,178.0,0.60946363,128.0,263.0,0.8056542
guy3_tree150.jpg,167.0,57.0,0.6490688,171.0,52.0,0.62361544,167.0,52.0,0.63005847,183.0,54.0,0.64626825,173.0,55.0,0.48265362,190.0,72.0,0.66782844,172.0,73.0,0.6778874,179.0,35.0,0.5433888,164.0,45.0,0.47378787,171.0,13.0,0.56870097,162.0,15.0,0.24997225,175.0,148.0,0.6377829,161.0,146.0,0.77007914,172.0,212.0,0.6973872,136.0,161.0,0.6853496,171.0,264.0,0.87425387,159.0,177.0,0.7280805
guy3_tree150_flipped.jpg,132.0,56.0,0.5975519,130.0,52.0,0.6476679,129.0,51.0,0.6888338,123.0,54.0,0.47329774,117.0,54.0,0.4898568,126.0,72.0,0.6547359,109.0,73.0,0.8361223,136.0,42.0,0.47364545,119.0,35.0,0.62295127,134.0,13.0,0.4293635,126.0,13.0,0.652187,135.0,146.0,0.8818637,123.0,148.0,0.83357954,164.0,163.0,0.5178442,127.0,208.0,0.7120329,139.0,177.0,0.5483019,127.0,264.0,0.8199855
guy3_tree151.jpg,167.0,58.0,0.62795496,171.0,54.0,0.6610626,167.0,53.0,0.67095494,183.0,55.0,0.59440136,173.0,55.0,0.45652103,189.0,73.0,0.7129043,172.0,74.0,0.7067154,178.0,35.0,0.50512606,163.0,44.0,0.395937,171.0,14.0,0.5931008,162.0,12.0,0.26980096,175.0,148.0,0.77530944,161.0,147.0,0.893636,172.0,212.0,0.66916925,136.0,162.0,0.6744571,171.0,266.0,0.7896489,159.0,178.0,0.579748
guy3_tree151_flipped.jpg,132.0,58.0,0.54715973,130.0,54.0,0.6187103,129.0,53.0,0.54434407,123.0,55.0,0.42844024,117.0,55.0,0.5315218,126.0,74.0,0.6149137,109.0,74.0,0.61393774,135.0,43.0,0.5359467,119.0,36.0,0.5843089,135.0,13.0,0.36492175,126.0,13.0,0.5290449,136.0,147.0,0.84487575,123.0,149.0,0.8226864,163.0,163.0,0.46528912,127.0,209.0,0.61251277,138.0,179.0,0.48356733,128.0,264.0,0.81631565
guy3_tree152.jpg,167.0,60.0,0.6275944,170.0,55.0,0.67868984,167.0,55.0,0.6235093,183.0,57.0,0.60978407,176.0,56.0,0.47097102,189.0,74.0,0.64972436,173.0,75.0,0.70422846,177.0,37.0,0.43501326,164.0,42.0,0.61461866,171.0,16.0,0.55644864,163.0,13.0,0.2807201,174.0,149.0,0.59992254,162.0,147.0,0.7809591,172.0,213.0,0.6668358,137.0,163.0,0.6110526,171.0,266.0,0.790082,159.0,179.0,0.6788163
guy3_tree152_flipped.jpg,132.0,59.0,0.4745392,131.0,55.0,0.57849324,129.0,54.0,0.56330556,127.0,56.0,0.24468678,117.0,56.0,0.45686433,126.0,75.0,0.5177694,110.0,76.0,0.5162192,134.0,40.0,0.43254226,121.0,36.0,0.56578076,135.0,12.0,0.28003824,127.0,14.0,0.440879,137.0,147.0,0.7185225,124.0,152.0,0.6451194,162.0,164.0,0.26012066,128.0,211.0,0.5015515,139.0,178.0,0.39875183,128.0,265.0,0.72594804
guy3_tree153.jpg,167.0,61.0,0.6439782,171.0,56.0,0.7007847,168.0,56.0,0.6336807,183.0,59.0,0.5577754,176.0,58.0,0.38278887,189.0,77.0,0.66370964,173.0,77.0,0.5932688,178.0,39.0,0.4696194,164.0,43.0,0.47090936,171.0,19.0,0.5421112,163.0,18.0,0.32463747,175.0,151.0,0.7650981,161.0,149.0,0.88205916,172.0,214.0,0.6121466,137.0,164.0,0.6607063,171.0,267.0,0.77690554,160.0,182.0,0.59975106
guy3_tree153_flipped.jpg,132.0,60.0,0.51659364,130.0,56.0,0.4791075,129.0,55.0,0.5892824,122.0,57.0,0.41824654,118.0,57.0,0.5302484,126.0,75.0,0.53120935,110.0,78.0,0.66030645,134.0,42.0,0.4986711,120.0,39.0,0.63585067,134.0,15.0,0.34886813,127.0,14.0,0.6273757,137.0,148.0,0.7809303,123.0,152.0,0.7678962,162.0,164.0,0.32839215,128.0,213.0,0.593311,138.0,179.0,0.48252383,127.0,265.0,0.7676518
guy3_tree154.jpg,167.0,62.0,0.6029093,171.0,58.0,0.6439279,167.0,57.0,0.6002189,183.0,60.0,0.6359698,174.0,59.0,0.4550187,189.0,78.0,0.69772273,172.0,77.0,0.6750196,179.0,39.0,0.41946176,165.0,45.0,0.4953918,173.0,17.0,0.59699595,164.0,16.0,0.35408497,175.0,152.0,0.64259017,162.0,150.0,0.80862,172.0,216.0,0.6818793,137.0,164.0,0.61237967,172.0,267.0,0.8323828,160.0,181.0,0.591991
guy3_tree154_flipped.jpg,131.0,61.0,0.3949892,131.0,57.0,0.4842853,127.0,56.0,0.4396469,126.0,58.0,0.26540405,116.0,58.0,0.515383,126.0,76.0,0.54704106,110.0,78.0,0.44619113,135.0,43.0,0.39339015,120.0,41.0,0.5307938,134.0,14.0,0.2502804,126.0,15.0,0.39075178,137.0,149.0,0.69202435,123.0,153.0,0.62081766,161.0,165.0,0.2979675,128.0,213.0,0.52694875,137.0,181.0,0.3859061,127.0,267.0,0.7305167
guy3_tree155.jpg,167.0,63.0,0.6062042,171.0,58.0,0.63322127,167.0,58.0,0.61015654,183.0,61.0,0.5301232,175.0,60.0,0.38260996,189.0,79.0,0.7117032,171.0,78.0,0.7034718,177.0,39.0,0.550403,164.0,45.0,0.4248492,171.0,21.0,0.48155832,163.0,20.0,0.34667516,174.0,153.0,0.53378767,160.0,151.0,0.89278346,171.0,215.0,0.6794925,136.0,166.0,0.63576996,170.0,269.0,0.6984652,159.0,183.0,0.6097268
guy3_tree155_flipped.jpg,132.0,62.0,0.47859052,130.0,58.0,0.5581998,128.0,57.0,0.62017757,121.0,59.0,0.41905913,117.0,59.0,0.5701878,126.0,77.0,0.5556229,110.0,80.0,0.69319093,136.0,46.0,0.4343186,121.0,40.0,0.5711231,134.0,17.0,0.483056,126.0,17.0,0.67516947,138.0,151.0,0.85515153,124.0,155.0,0.7770537,162.0,166.0,0.45261398,128.0,213.0,0.5966306,139.0,181.0,0.5008743,128.0,267.0,0.7827076
guy3_tree156.jpg,166.0,64.0,0.6003332,170.0,59.0,0.55250245,166.0,59.0,0.61542875,183.0,61.0,0.6451406,173.0,60.0,0.28312844,188.0,80.0,0.7070231,171.0,80.0,0.70118123,177.0,42.0,0.54826206,163.0,45.0,0.48587888,170.0,23.0,0.40342376,162.0,21.0,0.24643439,174.0,154.0,0.52750593,160.0,152.0,0.88507175,171.0,216.0,0.6856804,136.0,166.0,0.61891204,170.0,269.0,0.7969948,159.0,185.0,0.5427664
guy3_tree156_flipped.jpg,131.0,63.0,0.4298886,132.0,60.0,0.5596061,127.0,59.0,0.5332695,128.0,61.0,0.29621434,117.0,60.0,0.52859634,127.0,80.0,0.5363176,110.0,81.0,0.61423707,135.0,47.0,0.46461043,121.0,43.0,0.45524424,134.0,18.0,0.40215242,126.0,18.0,0.52171534,139.0,151.0,0.7607366,125.0,155.0,0.6478299,162.0,167.0,0.3568951,130.0,212.0,0.47819135,138.0,182.0,0.41713798,128.0,269.0,0.7405695
guy3_tree157.jpg,167.0,65.0,0.58395267,171.0,60.0,0.52042395,167.0,60.0,0.60138386,183.0,63.0,0.46485725,172.0,61.0,0.31316674,188.0,81.0,0.6334928,170.0,81.0,0.5779035,176.0,40.0,0.38835996,162.0,45.0,0.53852594,170.0,23.0,0.33615834,161.0,20.0,0.14133784,174.0,154.0,0.69666123,161.0,153.0,0.832854,171.0,217.0,0.65513766,137.0,167.0,0.5255143,171.0,270.0,0.73450226,159.0,184.0,0.48131892
guy3_tree157_flipped.jpg,132.0,65.0,0.47015634,132.0,61.0,0.54637486,129.0,60.0,0.5406078,126.0,62.0,0.33416522,118.0,62.0,0.5396717,127.0,79.0,0.52897406,111.0,82.0,0.6280912,137.0,47.0,0.49623317,121.0,43.0,0.45570844,135.0,19.0,0.346089,127.0,18.0,0.4587556,138.0,153.0,0.8323692,125.0,156.0,0.73946625,162.0,168.0,0.4795222,129.0,213.0,0.5499992,139.0,187.0,0.4819555,128.0,269.0,0.8298295
guy3_tree158.jpg,167.0,65.0,0.5505031,171.0,61.0,0.5066528,167.0,60.0,0.62712944,182.0,63.0,0.50322646,172.0,62.0,0.2718955,188.0,81.0,0.69542694,170.0,81.0,0.6210251,179.0,41.0,0.50136,161.0,45.0,0.47954467,172.0,23.0,0.29261327,157.0,33.0,0.11672768,174.0,154.0,0.7284802,161.0,153.0,0.847316,171.0,218.0,0.6165595,137.0,167.0,0.49827772,171.0,271.0,0.79302883,159.0,183.0,0.41621363
guy3_tree158_flipped.jpg,132.0,66.0,0.4652124,132.0,62.0,0.5854375,128.0,61.0,0.5352634,127.0,63.0,0.23007965,116.0,63.0,0.5096367,127.0,81.0,0.4611987,111.0,83.0,0.53234875,139.0,49.0,0.3583334,120.0,44.0,0.6108186,136.0,19.0,0.22143948,125.0,19.0,0.43046835,138.0,153.0,0.7756603,124.0,158.0,0.61985815,161.0,169.0,0.31895494,129.0,216.0,0.5855909,139.0,190.0,0.2932316,128.0,270.0,0.7958333
guy3_tree159.jpg,167.0,66.0,0.48743513,172.0,61.0,0.43866515,167.0,61.0,0.5639282,182.0,64.0,0.5195607,172.0,64.0,0.3310606,186.0,82.0,0.68147755,169.0,82.0,0.59153855,179.0,41.0,0.4099115,160.0,48.0,0.3461732,172.0,25.0,0.30160752,155.0,42.0,0.1342346,174.0,156.0,0.680184,160.0,155.0,0.82291174,171.0,218.0,0.78486127,137.0,168.0,0.3586425,171.0,271.0,0.71974903,159.0,184.0,0.37873155
guy3_tree159_flipped.jpg,134.0,66.0,0.50911236,133.0,63.0,0.62248164,130.0,61.0,0.6044149,127.0,63.0,0.2757171,118.0,64.0,0.45028585,128.0,81.0,0.501453,111.0,82.0,0.7817862,139.0,50.0,0.5183793,119.0,45.0,0.6621202,137.0,20.0,0.22668627,126.0,20.0,0.41867393,139.0,154.0,0.7453258,125.0,157.0,0.70867044,163.0,169.0,0.32160872,129.0,216.0,0.659987,138.0,192.0,0.31765237,128.0,270.0,0.79376554
guy3_tree160.jpg,167.0,66.0,0.47073027,172.0,62.0,0.45169175,167.0,61.0,0.45910057,183.0,65.0,0.53445995,172.0,63.0,0.2869199,187.0,83.0,0.7077079,169.0,81.0,0.54367197,179.0,43.0,0.38586643,158.0,49.0,0.58452153,173.0,25.0,0.3965568,159.0,22.0,0.33541918,174.0,156.0,0.6846852,160.0,155.0,0.84078884,171.0,219.0,0.6743966,137.0,169.0,0.46625566,171.0,271.0,0.77782977,158.0,186.0,0.40635115
guy3_tree160_flipped.jpg,134.0,66.0,0.48495585,133.0,63.0,0.52697676,130.0,62.0,0.61804926,126.0,63.0,0.32774335,118.0,63.0,0.48593968,129.0,81.0,0.5442412,112.0,83.0,0.5528404,140.0,51.0,0.54881775,120.0,46.0,0.5862646,138.0,20.0,0.3748513,127.0,20.0,0.37619483,137.0,153.0,0.783894,124.0,157.0,0.6615368,162.0,170.0,0.4555431,130.0,217.0,0.5507652,137.0,185.0,0.38079894,128.0,271.0,0.77780205
guy3_tree161.jpg,166.0,66.0,0.5415357,171.0,62.0,0.5514305,166.0,62.0,0.6636074,182.0,65.0,0.5519675,171.0,64.0,0.2879817,186.0,83.0,0.7484727,169.0,83.0,0.63030916,179.0,44.0,0.4758322,158.0,49.0,0.6692306,174.0,26.0,0.26685977,158.0,24.0,0.29396397,174.0,156.0,0.7027905,161.0,155.0,0.83727276,170.0,219.0,0.6313375,137.0,170.0,0.49610987,170.0,272.0,0.78133976,158.0,186.0,0.356601
guy3_tree161_flipped.jpg,135.0,67.0,0.5312316,134.0,63.0,0.49609616,132.0,63.0,0.5346828,124.0,65.0,0.6200528,118.0,65.0,0.5804265,130.0,82.0,0.70338494,111.0,85.0,0.7882019,142.0,51.0,0.7690617,120.0,46.0,0.70514727,139.0,22.0,0.63327897,129.0,20.0,0.41072688,137.0,154.0,0.76992977,124.0,158.0,0.80140436,164.0,171.0,0.6163149,130.0,217.0,0.6929914,138.0,193.0,0.48248383,128.0,270.0,0.8177345
guy3_tree162.jpg,165.0,68.0,0.59968776,170.0,64.0,0.6206504,166.0,63.0,0.63801634,182.0,67.0,0.63205624,173.0,66.0,0.33510554,186.0,85.0,0.7450893,170.0,85.0,0.6681123,179.0,44.0,0.524316,157.0,53.0,0.47888225,175.0,26.0,0.18046728,156.0,23.0,0.5708257,173.0,158.0,0.70735395,160.0,157.0,0.6605526,170.0,221.0,0.7023388,137.0,171.0,0.43810436,170.0,273.0,0.748312,158.0,187.0,0.35904887
guy3_tree162_flipped.jpg,136.0,69.0,0.3649419,134.0,64.0,0.4881303,131.0,64.0,0.40925083,124.0,66.0,0.6188471,118.0,66.0,0.5915638,129.0,84.0,0.74435484,111.0,88.0,0.6123495,142.0,53.0,0.6467838,120.0,46.0,0.67086136,141.0,21.0,0.7008208,130.0,21.0,0.3039253,137.0,156.0,0.84725034,124.0,160.0,0.8492403,164.0,172.0,0.49137235,130.0,218.0,0.610329,138.0,196.0,0.37087482,129.0,271.0,0.7549404
guy3_tree163.jpg,164.0,70.0,0.56038064,168.0,66.0,0.6261068,164.0,66.0,0.5605408,181.0,67.0,0.62779164,171.0,67.0,0.30275258,187.0,87.0,0.69395036,169.0,86.0,0.64505696,179.0,48.0,0.48415738,157.0,56.0,0.50667197,174.0,26.0,0.2608308,154.0,24.0,0.6424195,173.0,160.0,0.6458414,160.0,158.0,0.654575,170.0,221.0,0.64785826,138.0,171.0,0.4089024,170.0,274.0,0.6728208,160.0,195.0,0.29691148
guy3_tree163_flipped.jpg,135.0,71.0,0.53222215,134.0,68.0,0.54412895,132.0,67.0,0.5366566,126.0,69.0,0.45660323,119.0,69.0,0.45182425,130.0,86.0,0.63337034,112.0,87.0,0.6408014,142.0,55.0,0.5906017,118.0,50.0,0.53990024,140.0,25.0,0.4454293,123.0,27.0,0.40587878,137.0,156.0,0.7706552,125.0,160.0,0.7554337,161.0,171.0,0.4255366,130.0,217.0,0.66054064,137.0,201.0,0.42102915,128.0,273.0,0.7950236
guy3_tree164.jpg,164.0,70.0,0.6039454,168.0,66.0,0.7111282,164.0,66.0,0.5904318,181.0,68.0,0.48009834,171.0,68.0,0.2392177,186.0,87.0,0.7144308,170.0,87.0,0.65876347,180.0,48.0,0.6587459,156.0,56.0,0.4597015,176.0,29.0,0.16890475,154.0,26.0,0.45969704,174.0,159.0,0.66013366,161.0,157.0,0.8112516,170.0,220.0,0.61734515,138.0,171.0,0.46987754,169.0,273.0,0.76632106,161.0,197.0,0.30189595
guy3_tree164_flipped.jpg,136.0,71.0,0.520164,135.0,67.0,0.561281,132.0,66.0,0.55688983,126.0,69.0,0.46769822,119.0,69.0,0.52924633,131.0,86.0,0.63944304,112.0,88.0,0.7195364,143.0,57.0,0.6221454,119.0,50.0,0.5823695,142.0,26.0,0.4552792,123.0,28.0,0.4149491,137.0,157.0,0.7859669,125.0,160.0,0.7643726,162.0,171.0,0.4874246,130.0,217.0,0.51440585,137.0,202.0,0.3290811,130.0,273.0,0.7677466
guy3_tree165.jpg,164.0,72.0,0.5852385,167.0,68.0,0.6948946,163.0,67.0,0.5568108,180.0,69.0,0.43177754,170.0,69.0,0.3321292,185.0,87.0,0.65124536,169.0,87.0,0.58520174,179.0,48.0,0.6263752,155.0,59.0,0.42896304,175.0,31.0,0.14763725,153.0,29.0,0.5414601,173.0,160.0,0.59559846,161.0,159.0,0.69012046,170.0,221.0,0.766472,137.0,172.0,0.44394168,169.0,274.0,0.7700844,160.0,199.0,0.2684692
guy3_tree165_flipped.jpg,136.0,72.0,0.44368142,134.0,69.0,0.5644075,132.0,68.0,0.5325335,126.0,70.0,0.5058955,120.0,70.0,0.5252179,130.0,86.0,0.58820057,112.0,88.0,0.6942655,143.0,59.0,0.59035605,119.0,51.0,0.5362691,142.0,27.0,0.6832232,122.0,26.0,0.35141486,139.0,157.0,0.78756565,125.0,161.0,0.7415471,162.0,172.0,0.39996356,131.0,218.0,0.55917674,138.0,202.0,0.2970574,130.0,273.0,0.71099967
guy3_tree166.jpg,163.0,71.0,0.61522895,167.0,68.0,0.74350023,163.0,67.0,0.66820335,180.0,69.0,0.5691065,170.0,68.0,0.27228355,185.0,88.0,0.67047864,169.0,87.0,0.5606546,180.0,49.0,0.57670814,155.0,63.0,0.50215554,158.0,28.0,0.21900904,152.0,28.0,0.66863877,173.0,161.0,0.64750546,160.0,158.0,0.67202115,169.0,222.0,0.6423484,137.0,173.0,0.4118617,169.0,275.0,0.68474925,161.0,200.0,0.21939042
guy3_tree166_flipped.jpg,135.0,73.0,0.38363913,134.0,68.0,0.59380096,132.0,68.0,0.53959215,129.0,69.0,0.30881816,119.0,70.0,0.3704077,132.0,87.0,0.55099493,113.0,88.0,0.7083068,143.0,61.0,0.39537054,118.0,53.0,0.5247464,145.0,32.0,0.3746153,121.0,30.0,0.20043147,138.0,158.0,0.697452,125.0,161.0,0.64852965,162.0,173.0,0.3056395,131.0,218.0,0.5284369,136.0,205.0,0.18824255,130.0,275.0,0.8080921
guy3_tree167.jpg,163.0,72.0,0.6012684,167.0,69.0,0.75482553,163.0,68.0,0.6599926,180.0,70.0,0.587254,170.0,70.0,0.27045387,185.0,89.0,0.69288313,169.0,89.0,0.6004243,181.0,50.0,0.5362456,155.0,65.0,0.45895287,157.0,30.0,0.19965515,152.0,29.0,0.65843,173.0,162.0,0.6552906,160.0,159.0,0.6734191,169.0,223.0,0.628999,137.0,173.0,0.4908127,169.0,276.0,0.6335183,162.0,202.0,0.19373164
guy3_tree167_flipped.jpg,135.0,73.0,0.4394123,135.0,69.0,0.545485,133.0,69.0,0.5493097,130.0,71.0,0.26660654,120.0,71.0,0.45006126,130.0,89.0,0.5086631,113.0,90.0,0.5341144,144.0,62.0,0.31401363,118.0,55.0,0.5584962,145.0,31.0,0.5877125,121.0,31.0,0.110568136,139.0,159.0,0.73772883,125.0,163.0,0.6557469,162.0,173.0,0.2986259,131.0,219.0,0.64278054,139.0,190.0,0.27154553,130.0,276.0,0.797979
guy3_tree168.jpg,162.0,72.0,0.57245857,166.0,69.0,0.63543606,162.0,68.0,0.6032846,179.0,70.0,0.54787457,170.0,70.0,0.41134548,185.0,90.0,0.58921957,169.0,90.0,0.65704703,180.0,52.0,0.69800436,155.0,65.0,0.50180244,158.0,30.0,0.29181606,153.0,30.0,0.75345886,172.0,162.0,0.660323,161.0,160.0,0.7088287,169.0,223.0,0.5696183,136.0,173.0,0.42967817,168.0,277.0,0.7706277,160.0,201.0,0.27972978
guy3_tree169.jpg,162.0,74.0,0.5722738,166.0,70.0,0.6492763,162.0,69.0,0.5199982,179.0,70.0,0.42126158,169.0,71.0,0.33476287,184.0,89.0,0.68926495,170.0,90.0,0.61893094,180.0,51.0,0.58054775,155.0,67.0,0.48234874,158.0,31.0,0.29577896,152.0,31.0,0.71352017,172.0,163.0,0.6434301,160.0,161.0,0.675703,169.0,224.0,0.60614216,137.0,174.0,0.4317948,169.0,277.0,0.662616,162.0,204.0,0.16293538
guy3_tree169_flipped.jpg,137.0,74.0,0.48244202,137.0,71.0,0.37763298,133.0,69.0,0.48907304,131.0,72.0,0.42271873,122.0,72.0,0.5184775,132.0,89.0,0.63157797,115.0,90.0,0.6195937,144.0,60.0,0.28700823,117.0,55.0,0.77275205,146.0,34.0,0.47767794,119.0,35.0,0.18701473,138.0,159.0,0.76475567,126.0,163.0,0.64340794,163.0,175.0,0.45554495,132.0,219.0,0.6551988,139.0,190.0,0.28261918,130.0,275.0,0.7758837
guy3_tree170.jpg,162.0,74.0,0.56981903,166.0,70.0,0.6208161,161.0,70.0,0.47880235,178.0,72.0,0.44790992,168.0,72.0,0.3117522,183.0,91.0,0.62772703,169.0,91.0,0.6359998,180.0,52.0,0.48546147,152.0,68.0,0.43033707,156.0,32.0,0.357511,150.0,33.0,0.60455954,171.0,164.0,0.6363034,160.0,162.0,0.64953226,169.0,223.0,0.7573533,137.0,175.0,0.37013644,168.0,278.0,0.6441561,162.0,205.0,0.15625548
guy3_tree170_flipped.jpg,137.0,75.0,0.41393548,136.0,71.0,0.48838323,132.0,70.0,0.44692665,130.0,73.0,0.4368687,121.0,73.0,0.414281,131.0,91.0,0.5634625,114.0,92.0,0.51306224,144.0,67.0,0.47184375,118.0,56.0,0.6382265,146.0,34.0,0.7906474,118.0,32.0,0.19107541,138.0,161.0,0.7491648,126.0,164.0,0.7336212,163.0,176.0,0.43494424,132.0,221.0,0.51134646,139.0,191.0,0.2775756,130.0,277.0,0.82025456
guy3_tree171.jpg,161.0,75.0,0.68735576,165.0,71.0,0.58938366,161.0,71.0,0.65728784,178.0,73.0,0.56654954,168.0,72.0,0.3834861,184.0,90.0,0.70167243,168.0,91.0,0.6727175,179.0,53.0,0.49261445,154.0,67.0,0.48365438,156.0,33.0,0.34607917,150.0,32.0,0.71880597,172.0,164.0,0.6925704,160.0,161.0,0.6953633,168.0,224.0,0.6901021,137.0,175.0,0.47460186,168.0,277.0,0.7698251,153.0,186.0,0.26606604
guy3_tree171_flipped.jpg,137.0,76.0,0.58579075,137.0,72.0,0.57597333,133.0,71.0,0.5754094,131.0,74.0,0.41143402,122.0,74.0,0.5747891,132.0,92.0,0.61486375,113.0,93.0,0.7211428,144.0,67.0,0.6049327,118.0,59.0,0.6670948,147.0,34.0,0.78307056,118.0,33.0,0.12175691,139.0,162.0,0.7021229,126.0,165.0,0.6226429,164.0,177.0,0.5169277,132.0,221.0,0.66066897,137.0,210.0,0.23571977,131.0,276.0,0.73995745
guy3_tree172.jpg,161.0,75.0,0.442651,165.0,71.0,0.436089,160.0,71.0,0.52070814,178.0,73.0,0.71139234,167.0,73.0,0.39525923,183.0,90.0,0.6706826,168.0,91.0,0.6375474,179.0,52.0,0.44618338,152.0,67.0,0.46313822,156.0,32.0,0.23288098,149.0,33.0,0.58898675,172.0,164.0,0.6732815,160.0,162.0,0.7152315,168.0,225.0,0.6233747,137.0,175.0,0.44212168,168.0,277.0,0.7377922,154.0,186.0,0.28723896
guy3_tree172_flipped.jpg,136.0,76.0,0.38330534,137.0,72.0,0.5343237,132.0,71.0,0.40486464,133.0,74.0,0.26604846,122.0,74.0,0.39231035,133.0,93.0,0.435991,114.0,94.0,0.43203974,144.0,67.0,0.29414916,118.0,59.0,0.65677047,147.0,35.0,0.7343041,119.0,35.0,0.14811265,138.0,161.0,0.73035115,127.0,165.0,0.6380756,162.0,176.0,0.37197965,132.0,222.0,0.5252918,141.0,190.0,0.25707924,131.0,277.0,0.7410825
guy3_tree173.jpg,160.0,75.0,0.6846798,164.0,72.0,0.7119121,160.0,72.0,0.60801107,177.0,74.0,0.68042445,167.0,73.0,0.40607265,183.0,92.0,0.66512907,168.0,92.0,0.68074346,179.0,55.0,0.51400447,152.0,68.0,0.47747284,155.0,34.0,0.24074325,149.0,34.0,0.5655128,172.0,165.0,0.68890536,160.0,162.0,0.73036647,168.0,225.0,0.5987954,136.0,175.0,0.5040758,168.0,278.0,0.71968615,165.0,209.0,0.17750645
guy3_tree173_flipped.jpg,137.0,75.0,0.5731449,138.0,72.0,0.2923329,133.0,71.0,0.43981868,133.0,74.0,0.41442662,122.0,74.0,0.5289388,133.0,92.0,0.48560387,116.0,93.0,0.58864945,145.0,65.0,0.30893952,118.0,60.0,0.6962112,148.0,36.0,0.77863884,120.0,36.0,0.11026126,139.0,161.0,0.73151445,127.0,165.0,0.63245106,164.0,177.0,0.42304415,133.0,221.0,0.58305913,140.0,191.0,0.28866607,131.0,277.0,0.7671945
guy3_tree174.jpg,160.0,76.0,0.6906462,164.0,72.0,0.68978256,159.0,72.0,0.6862426,177.0,74.0,0.5682704,166.0,74.0,0.26772857,183.0,92.0,0.6180257,168.0,93.0,0.6079463,180.0,55.0,0.44211423,152.0,68.0,0.43019423,154.0,35.0,0.16345108,148.0,34.0,0.67904246,171.0,165.0,0.6842857,161.0,163.0,0.73517215,168.0,224.0,0.7477192,136.0,176.0,0.5499216,168.0,278.0,0.84276414,155.0,187.0,0.26297492
guy3_tree174_flipped.jpg,137.0,77.0,0.5625173,136.0,73.0,0.5503054,133.0,72.0,0.5151464,130.0,74.0,0.54081035,122.0,74.0,0.500679,132.0,92.0,0.574412,114.0,93.0,0.585216,145.0,67.0,0.5421739,118.0,60.0,0.6814449,149.0,36.0,0.6945024,146.0,36.0,0.10904622,139.0,162.0,0.732522,126.0,165.0,0.8153345,164.0,177.0,0.56568694,132.0,222.0,0.65396965,135.0,214.0,0.22100788,131.0,277.0,0.73261106
guy3_tree175.jpg,160.0,76.0,0.66629183,164.0,73.0,0.6213872,160.0,73.0,0.6593796,177.0,75.0,0.5918167,166.0,75.0,0.26550132,183.0,93.0,0.6173096,168.0,93.0,0.5842228,180.0,56.0,0.45469305,153.0,69.0,0.4180606,155.0,36.0,0.16875625,148.0,38.0,0.56665945,172.0,165.0,0.6105741,160.0,163.0,0.68449914,168.0,225.0,0.71902984,137.0,176.0,0.38380957,168.0,278.0,0.8114877,164.0,209.0,0.14542046
guy3_tree176.jpg,160.0,77.0,0.69640094,164.0,73.0,0.73973405,159.0,73.0,0.6836766,176.0,74.0,0.51518863,166.0,75.0,0.30248302,182.0,93.0,0.5287409,167.0,93.0,0.592638,179.0,56.0,0.55210644,153.0,66.0,0.41467777,154.0,36.0,0.1912348,150.0,36.0,0.53670454,171.0,165.0,0.58276135,160.0,163.0,0.62710506,168.0,225.0,0.67397684,136.0,176.0,0.4043981,168.0,278.0,0.79310066,164.0,208.0,0.1270234
guy3_tree176_flipped.jpg,137.0,77.0,0.35483778,137.0,73.0,0.5804162,134.0,73.0,0.52803326,133.0,75.0,0.5124787,122.0,75.0,0.5062788,133.0,93.0,0.5450223,115.0,95.0,0.5686978,146.0,66.0,0.53485566,119.0,61.0,0.70035434,150.0,37.0,0.69489735,147.0,36.0,0.11331126,140.0,163.0,0.80048007,126.0,167.0,0.8115188,165.0,179.0,0.5681035,133.0,222.0,0.679595,138.0,192.0,0.3432554,131.0,277.0,0.7689805
guy3_tree177.jpg,159.0,77.0,0.69780225,163.0,73.0,0.6189949,159.0,73.0,0.71231544,176.0,75.0,0.54831594,166.0,74.0,0.34680825,181.0,93.0,0.62997764,167.0,93.0,0.6191355,178.0,57.0,0.48388422,153.0,66.0,0.5034602,154.0,36.0,0.26178068,148.0,36.0,0.47164208,170.0,166.0,0.657156,159.0,164.0,0.71248466,167.0,226.0,0.7919493,136.0,176.0,0.4199572,167.0,279.0,0.69488925,152.0,188.0,0.26128775
guy3_tree177_flipped.jpg,138.0,78.0,0.48126042,138.0,74.0,0.5293999,134.0,73.0,0.57735443,133.0,75.0,0.38587758,122.0,75.0,0.59229124,133.0,93.0,0.5250149,116.0,95.0,0.6800698,146.0,66.0,0.3942632,118.0,60.0,0.6814162,151.0,38.0,0.5562797,120.0,37.0,0.12104702,138.0,163.0,0.708465,127.0,166.0,0.6651322,164.0,179.0,0.29243708,133.0,222.0,0.50165147,141.0,188.0,0.2302792,132.0,278.0,0.77151656
guy3_tree178.jpg,159.0,77.0,0.6131001,164.0,73.0,0.6143351,159.0,73.0,0.6923351,176.0,75.0,0.49726513,164.0,76.0,0.2786166,181.0,94.0,0.4352827,167.0,93.0,0.5465937,178.0,57.0,0.4196708,153.0,65.0,0.42491645,154.0,36.0,0.2056188,148.0,37.0,0.43438363,170.0,166.0,0.58105016,159.0,164.0,0.62584776,167.0,225.0,0.69335306,136.0,177.0,0.31110412,167.0,279.0,0.76004225,164.0,211.0,0.14154583
guy3_tree179.jpg,159.0,78.0,0.6377562,163.0,74.0,0.60807705,158.0,74.0,0.63402915,176.0,75.0,0.5416507,165.0,76.0,0.32238895,182.0,94.0,0.596695,166.0,93.0,0.5934156,179.0,57.0,0.49784774,153.0,68.0,0.47834393,154.0,36.0,0.18691987,147.0,38.0,0.47807586,170.0,166.0,0.6215886,159.0,164.0,0.66461897,167.0,225.0,0.7652422,137.0,177.0,0.34220517,167.0,279.0,0.7418852,152.0,188.0,0.24556494
guy3_tree180.jpg,159.0,78.0,0.6401514,163.0,74.0,0.6639984,158.0,74.0,0.5729963,176.0,75.0,0.6365361,164.0,76.0,0.3353817,181.0,94.0,0.45014405,167.0,93.0,0.50106245,179.0,56.0,0.51076436,153.0,66.0,0.40447393,176.0,38.0,0.12462744,148.0,37.0,0.5489104,170.0,165.0,0.604913,159.0,164.0,0.6331512,167.0,226.0,0.7451577,137.0,177.0,0.30060086,167.0,279.0,0.7870245,154.0,188.0,0.23022893
