guy3_warrior045_flipped.jpg,127.0,158.0,0.18773296,130.0,155.0,0.32430094,123.0,153.0,0.2969187,140.0,146.0,0.2891804,118.0,146.0,0.3857382,158.0,137.0,0.31985307,116.0,138.0,0.3057044,190.0,108.0,0.8287046,97.0,101.0,0.7268238,170.0,81.0,0.42111668,122.0,104.0,0.3210703,162.0,129.0,0.13141432,131.0,125.0,0.15392193,191.0,111.0,0.16830626,141.0,177.0,0.22779596,169.0,83.0,0.16232803,153.0,237.0,0.3517379
guy3_warrior048_flipped.jpg,130.0,160.0,0.2604667,134.0,156.0,0.30997747,127.0,156.0,0.32512385,144.0,149.0,0.3694003,122.0,150.0,0.30398667,158.0,138.0,0.47607282,119.0,142.0,0.28317732,189.0,108.0,0.7954314,100.0,104.0,0.66916925,168.0,81.0,0.33764893,106.0,104.0,0.18303308,161.0,134.0,0.114381194,131.0,129.0,0.19333184,190.0,112.0,0.31664318,143.0,178.0,0.26148897,168.0,84.0,0.32607463,152.0,236.0,0.2562675
guy3_warrior049.jpg,169.0,168.0,0.44208878,172.0,164.0,0.50864196,166.0,164.0,0.4772125,179.0,150.0,0.37186643,158.0,155.0,0.35329062,182.0,136.0,0.6027301,137.0,141.0,0.42938685,200.0,105.0,0.41609696,110.0,111.0,0.69453263,167.0,112.0,0.26041603,130.0,85.0,0.52881086,164.0,131.0,0.17175713,138.0,131.0,0.2135306,155.0,191.0,0.3148392,152.0,190.0,0.13322136,153.0,202.0,0.14288583,129.0,86.0,0.1523048
guy3_warrior050_flipped.jpg,131.0,163.0,0.6597089,134.0,161.0,0.5603655,127.0,159.0,0.6572497,143.0,154.0,0.64041144,123.0,147.0,0.604729,161.0,143.0,0.56344277,115.0,134.0,0.8108303,190.0,110.0,0.9128679,100.0,105.0,0.89650214,169.0,87.0,0.48484772,128.0,111.0,0.6177036,158.0,137.0,0.37643528,132.0,133.0,0.5016909,147.0,168.0,0.16182849,136.0,166.0,0.17540324,147.0,188.0,0.10710153,129.0,112.0,0.30216688
guy3_warrior052_flipped.jpg,133.0,165.0,0.4777643,137.0,163.0,0.42841965,129.0,161.0,0.620494,146.0,154.0,0.44303864,124.0,150.0,0.3354556,162.0,143.0,0.57690483,117.0,136.0,0.81776655,189.0,112.0,0.8172167,98.0,107.0,0.7874243,169.0,92.0,0.2783606,127.0,112.0,0.45238072,152.0,134.0,0.3186683,129.0,127.0,0.36905384,148.0,170.0,0.29025298,131.0,118.0,0.19711322,165.0,88.0,0.3238725,126.0,112.0,0.3477761
guy3_warrior055_flipped.jpg,135.0,168.0,0.50098807,139.0,166.0,0.5333338,132.0,164.0,0.5905174,149.0,156.0,0.6722035,125.0,151.0,0.593218,162.0,143.0,0.6125251,117.0,139.0,0.8943826,187.0,112.0,0.91494656,97.0,110.0,0.7169422,162.0,93.0,0.4342456,127.0,116.0,0.44644874,154.0,128.0,0.6409859,132.0,126.0,0.67662,169.0,121.0,0.1713238,117.0,118.0,0.15478712,162.0,92.0,0.5196157,128.0,116.0,0.5207257
guy3_warrior057.jpg,162.0,169.0,0.27389875,166.0,166.0,0.3912785,157.0,167.0,0.5685035,173.0,153.0,0.56514364,149.0,156.0,0.5046237,181.0,138.0,0.7942629,135.0,142.0,0.7088017,206.0,110.0,0.24682897,115.0,112.0,0.72140664,195.0,125.0,0.1766842,139.0,95.0,0.6880914,170.0,124.0,0.43894154,146.0,123.0,0.45621133,172.0,117.0,0.18552652,137.0,116.0,0.100391656,175.0,117.0,0.14741677,139.0,96.0,0.3765126
guy3_warrior058.jpg,164.0,170.0,0.3470291,167.0,168.0,0.5571105,159.0,168.0,0.64762926,175.0,153.0,0.57745266,150.0,156.0,0.45235354,181.0,140.0,0.80797297,135.0,141.0,0.7559317,206.0,111.0,0.22342142,116.0,113.0,0.8368186,205.0,111.0,0.19312733,142.0,95.0,0.5770957,164.0,124.0,0.72922593,141.0,126.0,0.41652018,169.0,117.0,0.16513178,136.0,120.0,0.2484459,143.0,95.0,0.30432186,140.0,96.0,0.5275585
guy3_warrior061.jpg,159.0,167.0,0.30135852,164.0,167.0,0.40262905,155.0,166.0,0.37233436,172.0,160.0,0.25044814,149.0,157.0,0.43893516,184.0,141.0,0.62439495,137.0,140.0,0.73482895,200.0,123.0,0.47208348,120.0,113.0,0.6764445,206.0,112.0,0.29030553,145.0,96.0,0.33877236,171.0,126.0,0.515709,148.0,125.0,0.40760395,177.0,121.0,0.14382342,145.0,117.0,0.23525354,178.0,120.0,0.2334514,149.0,97.0,0.26149648
guy3_warrior061_flipped.jpg,140.0,174.0,0.38250455,144.0,171.0,0.42604908,134.0,168.0,0.4769499,151.0,160.0,0.4157312,127.0,156.0,0.48875803,160.0,141.0,0.6215759,117.0,143.0,0.5803133,180.0,113.0,0.69593775,93.0,115.0,0.8690257,153.0,96.0,0.3256594,122.0,121.0,0.32156038,149.0,144.0,0.12879416,123.0,144.0,0.23723921,148.0,121.0,0.113468826,132.0,179.0,0.34494346,152.0,96.0,0.19494769,122.0,120.0,0.3270008
guy3_warrior062_flipped.jpg,146.0,176.0,0.3071748,149.0,170.0,0.27171645,143.0,174.0,0.45840737,153.0,155.0,0.34642196,134.0,162.0,0.42661336,162.0,141.0,0.2930913,125.0,163.0,0.36928052,179.0,110.0,0.21624461,132.0,205.0,0.4445438,152.0,95.0,0.154841,137.0,239.0,0.405289,154.0,128.0,0.10295534,125.0,132.0,0.16704234,179.0,113.0,0.2882465,129.0,185.0,0.10744262,149.0,97.0,0.5149194,145.0,98.0,0.31010294
guy3_warrior063_flipped.jpg,146.0,177.0,0.33888263,149.0,170.0,0.41757393,143.0,175.0,0.50332767,153.0,154.0,0.48049945,130.0,162.0,0.5224046,162.0,143.0,0.66854596,122.0,161.0,0.3885517,178.0,111.0,0.45896205,131.0,206.0,0.5111173,147.0,95.0,0.2574218,137.0,242.0,0.50261986,147.0,123.0,0.2839563,120.0,133.0,0.33819923,178.0,114.0,0.38862777,128.0,190.0,0.14510962,145.0,96.0,0.54394877,143.0,98.0,0.3176257
guy3_warrior064.jpg,158.0,172.0,0.19760394,161.0,170.0,0.24342066,155.0,169.0,0.23617333,171.0,162.0,0.353364,149.0,159.0,0.25261444,182.0,145.0,0.30210805,139.0,139.0,0.5082675,210.0,112.0,0.662825,120.0,114.0,0.1765061,189.0,128.0,0.1663354,150.0,96.0,0.29667825,182.0,140.0,0.22024602,151.0,140.0,0.32815993,211.0,115.0,0.2815802,133.0,131.0,0.11560157,188.0,130.0,0.10449752,152.0,98.0,0.38225266
guy3_warrior067.jpg,160.0,175.0,0.61482096,163.0,172.0,0.60859835,156.0,171.0,0.5446393,172.0,160.0,0.54603106,148.0,159.0,0.48840088,183.0,148.0,0.5195381,138.0,140.0,0.7786987,202.0,128.0,0.43872485,125.0,112.0,0.9177686,212.0,116.0,0.16729248,153.0,94.0,0.385729,176.0,135.0,0.1346182,152.0,131.0,0.28940433,166.0,118.0,0.43417394,159.0,117.0,0.4067509,166.0,104.0,0.20642573,164.0,102.0,0.27149063
guy3_warrior067_flipped.jpg,144.0,175.0,0.44812983,148.0,171.0,0.4181105,141.0,174.0,0.5265015,154.0,159.0,0.5172006,130.0,165.0,0.4175024,160.0,140.0,0.76401937,115.0,149.0,0.5334642,175.0,113.0,0.6721982,84.0,115.0,0.7045175,148.0,94.0,0.5003025,106.0,120.0,0.31088018,138.0,130.0,0.5390258,115.0,135.0,0.2656709,141.0,170.0,0.14743918,125.0,202.0,0.39753586,147.0,94.0,0.26262647,112.0,121.0,0.28947324
guy3_warrior069.jpg,155.0,168.0,0.14817965,158.0,170.0,0.22790238,152.0,166.0,0.22014543,170.0,160.0,0.1922796,149.0,159.0,0.28068364,181.0,147.0,0.30243096,140.0,137.0,0.5948902,216.0,112.0,0.6023371,122.0,110.0,0.34429932,203.0,125.0,0.10161197,156.0,98.0,0.48635048,184.0,147.0,0.31214726,158.0,142.0,0.38074306,178.0,199.0,0.15390483,173.0,196.0,0.21147844,171.0,246.0,0.4666248,160.0,99.0,0.4204412
guy3_warrior071_flipped.jpg,146.0,176.0,0.54662794,150.0,171.0,0.65922564,141.0,173.0,0.5319971,155.0,158.0,0.52314395,131.0,162.0,0.5876321,160.0,138.0,0.8214543,115.0,152.0,0.3803087,177.0,107.0,0.73654675,93.0,122.0,0.39702266,143.0,106.0,0.3737852,80.0,110.0,0.540872,135.0,133.0,0.4621932,114.0,136.0,0.32321078,166.0,132.0,0.1402815,120.0,189.0,0.49100098,140.0,106.0,0.383769,122.0,115.0,0.1336717
guy3_warrior072_flipped.jpg,143.0,180.0,0.35913226,149.0,176.0,0.39246064,140.0,177.0,0.4969431,155.0,161.0,0.57622474,132.0,165.0,0.46967205,161.0,144.0,0.58938044,112.0,153.0,0.37313873,175.0,103.0,0.64536774,80.0,110.0,0.60427177,136.0,109.0,0.3682285,98.0,126.0,0.17438829,134.0,118.0,0.43444455,105.0,124.0,0.36010543,122.0,198.0,0.10903332,116.0,197.0,0.38290492,133.0,112.0,0.1165002,101.0,131.0,0.22146791
guy3_warrior078.jpg,153.0,168.0,0.4052371,154.0,166.0,0.4303105,149.0,165.0,0.3257156,162.0,158.0,0.39957902,150.0,155.0,0.38026363,183.0,151.0,0.33095422,146.0,142.0,0.2800675,221.0,109.0,0.5484136,134.0,106.0,0.39861116,200.0,115.0,0.17097968,140.0,124.0,0.1438958,199.0,138.0,0.25191352,179.0,131.0,0.22032705,188.0,203.0,0.39549378,185.0,199.0,0.3997334,181.0,254.0,0.3413999,182.0,253.0,0.21011874
guy3_warrior079_flipped.jpg,147.0,168.0,0.62856114,151.0,165.0,0.60669565,144.0,165.0,0.5678846,156.0,151.0,0.53132033,134.0,154.0,0.38105312,161.0,141.0,0.5878618,109.0,145.0,0.55177087,170.0,102.0,0.70565,74.0,113.0,0.828142,163.0,123.0,0.35116243,95.0,112.0,0.26205206,121.0,136.0,0.46176523,99.0,140.0,0.66222274,114.0,196.0,0.19102868,110.0,202.0,0.8408793,118.0,231.0,0.11698136,114.0,231.0,0.31670272
guy3_warrior081_flipped.jpg,150.0,167.0,0.54095334,154.0,163.0,0.5831219,147.0,163.0,0.55327696,159.0,150.0,0.4904332,138.0,151.0,0.503666,162.0,139.0,0.4768726,115.0,144.0,0.46188402,170.0,108.0,0.704602,73.0,117.0,0.7673446,166.0,121.0,0.31168595,93.0,127.0,0.21416157,124.0,131.0,0.2988514,101.0,136.0,0.24731264,112.0,201.0,0.17363542,108.0,202.0,0.5978639,92.0,106.0,0.21424446,91.0,107.0,0.115267396
guy3_warrior090.jpg,140.0,149.0,0.5560975,142.0,144.0,0.70973855,134.0,145.0,0.5717055,154.0,131.0,0.6283502,134.0,136.0,0.21022952,179.0,132.0,0.22451499,141.0,132.0,0.3668297,231.0,141.0,0.6171268,111.0,130.0,0.6058931,197.0,161.0,0.46906796,132.0,156.0,0.38460293,208.0,149.0,0.34971923,185.0,154.0,0.34801942,197.0,200.0,0.4330387,193.0,202.0,0.47950697,192.0,253.0,0.4831812,193.0,252.0,0.23558113
guy3_warrior090_flipped.jpg,161.0,152.0,0.5059669,166.0,146.0,0.40527818,159.0,145.0,0.5788007,164.0,136.0,0.32797626,146.0,132.0,0.55183774,156.0,136.0,0.5029872,118.0,135.0,0.3570121,189.0,131.0,0.51906955,68.0,141.0,0.8323518,166.0,153.0,0.26541537,102.0,163.0,0.46585804,105.0,146.0,0.34789544,85.0,145.0,0.40658882,106.0,198.0,0.23076129,102.0,200.0,0.78099716,107.0,255.0,0.18534794,107.0,257.0,0.70804965
guy3_warrior091.jpg,138.0,147.0,0.59943426,141.0,142.0,0.35002652,133.0,142.0,0.41987437,152.0,128.0,0.6129409,132.0,132.0,0.32012194,178.0,129.0,0.32977545,136.0,126.0,0.32490432,229.0,142.0,0.5904092,108.0,129.0,0.5747162,194.0,165.0,0.6488394,128.0,155.0,0.5003047,213.0,142.0,0.37403703,187.0,143.0,0.37459219,198.0,199.0,0.368226,195.0,200.0,0.4439303,192.0,253.0,0.48604792,193.0,251.0,0.2637142
guy3_warrior091_flipped.jpg,160.0,149.0,0.566368,166.0,142.0,0.70221007,158.0,141.0,0.71709263,167.0,132.0,0.5527596,146.0,130.0,0.6711238,162.0,124.0,0.3978836,117.0,127.0,0.62313294,194.0,126.0,0.7809692,69.0,141.0,0.93413234,170.0,155.0,0.8752628,104.0,166.0,0.56911045,105.0,137.0,0.43791384,84.0,136.0,0.74522454,103.0,198.0,0.43582562,102.0,199.0,0.6110424,103.0,167.0,0.20925924,107.0,255.0,0.8501548
guy3_warrior092.jpg,135.0,147.0,0.63882947,138.0,141.0,0.51987034,130.0,142.0,0.54714966,152.0,128.0,0.70873994,131.0,131.0,0.33777702,177.0,127.0,0.52860945,136.0,126.0,0.35566524,227.0,144.0,0.62693346,105.0,128.0,0.57718086,190.0,167.0,0.67324036,124.0,158.0,0.4980365,214.0,138.0,0.5058166,190.0,141.0,0.40117633,199.0,200.0,0.547356,194.0,198.0,0.3154117,192.0,254.0,0.67723054,193.0,253.0,0.27683264
guy3_warrior092_flipped.jpg,163.0,146.0,0.50130105,168.0,140.0,0.60805297,161.0,139.0,0.5967779,167.0,130.0,0.5754455,149.0,128.0,0.68128705,164.0,123.0,0.58649,121.0,126.0,0.5971901,198.0,125.0,0.7298985,74.0,141.0,0.8967418,177.0,156.0,0.8095757,110.0,168.0,0.6755884,111.0,137.0,0.46074688,90.0,139.0,0.7049779,103.0,197.0,0.36408108,102.0,198.0,0.55585337,78.0,111.0,0.62977636,105.0,251.0,0.76080173
guy3_warrior093.jpg,135.0,144.0,0.6750541,138.0,138.0,0.6064305,129.0,140.0,0.5379993,151.0,125.0,0.7708074,129.0,129.0,0.4328896,176.0,126.0,0.4318752,130.0,123.0,0.4530595,222.0,143.0,0.6512102,100.0,125.0,0.64790916,187.0,168.0,0.59353507,120.0,158.0,0.5953909,206.0,134.0,0.6182543,181.0,134.0,0.38090435,199.0,201.0,0.6356649,196.0,199.0,0.43982625,193.0,255.0,0.69468206,232.0,108.0,0.60785294
guy3_warrior094.jpg,132.0,141.0,0.75089335,136.0,135.0,0.7457386,128.0,136.0,0.7270552,149.0,122.0,0.668016,127.0,125.0,0.41281593,174.0,122.0,0.72633594,126.0,118.0,0.5219486,218.0,141.0,0.7587197,98.0,124.0,0.6364831,184.0,168.0,0.6731184,114.0,157.0,0.5694228,208.0,137.0,0.5974449,184.0,137.0,0.435334,200.0,198.0,0.72414243,214.0,116.0,0.3320102,194.0,255.0,0.7452079,236.0,106.0,0.5877558
guy3_warrior094_flipped.jpg,166.0,142.0,0.66469204,171.0,137.0,0.6381544,163.0,136.0,0.58928305,169.0,127.0,0.5217091,150.0,124.0,0.71268946,168.0,118.0,0.63519084,123.0,122.0,0.72677493,205.0,122.0,0.8978691,82.0,140.0,0.8488827,186.0,157.0,0.8054323,115.0,171.0,0.7139704,118.0,137.0,0.5357593,95.0,137.0,0.6380204,103.0,193.0,0.2112296,100.0,196.0,0.6722142,68.0,108.0,0.32892933,63.0,108.0,0.6007454
guy3_warrior095.jpg,132.0,140.0,0.71179086,135.0,133.0,0.75220734,127.0,135.0,0.43160093,148.0,120.0,0.61120117,124.0,124.0,0.4105563,173.0,124.0,0.26889378,126.0,117.0,0.5139403,212.0,138.0,0.41826457,95.0,122.0,0.38928866,182.0,170.0,0.55969834,106.0,155.0,0.47711125,201.0,139.0,0.3809231,181.0,138.0,0.38385895,199.0,194.0,0.63165396,211.0,130.0,0.11062184,196.0,249.0,0.44804877,239.0,108.0,0.5897932
guy3_warrior095_flipped.jpg,166.0,140.0,0.6486003,171.0,134.0,0.71953523,164.0,134.0,0.7662747,170.0,125.0,0.63401294,151.0,122.0,0.7392173,167.0,119.0,0.60486776,124.0,121.0,0.5716337,205.0,120.0,0.8439188,87.0,138.0,0.83755577,193.0,155.0,0.7331038,120.0,169.0,0.54835206,117.0,132.0,0.54755723,95.0,133.0,0.69916236,88.0,125.0,0.60922086,102.0,195.0,0.68702185,68.0,108.0,0.6646999,59.0,107.0,0.54593813
guy3_warrior096.jpg,130.0,138.0,0.5513723,134.0,132.0,0.49708977,125.0,132.0,0.7210375,147.0,119.0,0.630559,125.0,122.0,0.43833172,172.0,123.0,0.45698142,131.0,117.0,0.3682626,209.0,136.0,0.5681861,93.0,119.0,0.41257808,175.0,170.0,0.5021835,100.0,153.0,0.4483127,204.0,137.0,0.4153084,184.0,136.0,0.366111,198.0,195.0,0.6034318,195.0,189.0,0.20177618,195.0,253.0,0.5537459,241.0,108.0,0.46030036
guy3_warrior096_flipped.jpg,169.0,138.0,0.8026206,174.0,133.0,0.6114053,167.0,132.0,0.5537351,170.0,123.0,0.57091147,152.0,120.0,0.6819136,169.0,116.0,0.66278017,125.0,118.0,0.8232342,208.0,118.0,0.86947274,92.0,135.0,0.8122398,201.0,153.0,0.7099008,124.0,170.0,0.6151332,119.0,134.0,0.6231223,95.0,134.0,0.7179909,92.0,131.0,0.49244657,100.0,197.0,0.8149357,66.0,109.0,0.7025703,103.0,248.0,0.6978158
guy3_warrior097.jpg,129.0,135.0,0.6527784,132.0,129.0,0.77251804,123.0,130.0,0.5946965,146.0,117.0,0.70596653,124.0,119.0,0.3810403,172.0,122.0,0.44356084,130.0,115.0,0.3563757,201.0,133.0,0.6741478,92.0,118.0,0.3557253,169.0,169.0,0.7688073,94.0,153.0,0.41089094,205.0,135.0,0.567626,189.0,132.0,0.41397578,199.0,195.0,0.6932306,215.0,121.0,0.34324878,196.0,252.0,0.6382271,241.0,107.0,0.565914
guy3_warrior097_flipped.jpg,169.0,136.0,0.7963991,174.0,132.0,0.6310816,167.0,130.0,0.5982359,172.0,122.0,0.63849306,153.0,118.0,0.84147763,170.0,116.0,0.6361566,126.0,117.0,0.74128705,209.0,117.0,0.8451039,94.0,132.0,0.6930923,207.0,152.0,0.4991222,130.0,170.0,0.61874634,114.0,134.0,0.5813539,92.0,135.0,0.783479,91.0,127.0,0.66326046,100.0,197.0,0.6334575,60.0,109.0,0.78988004,103.0,250.0,0.82402986
guy3_warrior098.jpg,128.0,134.0,0.6736706,131.0,128.0,0.6592445,122.0,129.0,0.59626555,144.0,115.0,0.7101137,123.0,119.0,0.30971938,168.0,121.0,0.4069799,127.0,115.0,0.35250533,198.0,133.0,0.5410057,89.0,119.0,0.64552784,160.0,169.0,0.57400805,84.0,153.0,0.5820245,204.0,135.0,0.6171107,191.0,133.0,0.5158584,199.0,194.0,0.6449065,217.0,121.0,0.3714385,195.0,252.0,0.5243278,244.0,109.0,0.6737803
guy3_warrior098_flipped.jpg,171.0,134.0,0.58662665,176.0,130.0,0.4459659,169.0,128.0,0.5384599,174.0,120.0,0.35104066,154.0,117.0,0.7408695,169.0,116.0,0.39439166,128.0,118.0,0.5621731,210.0,117.0,0.6080677,103.0,133.0,0.38719642,214.0,152.0,0.53600687,138.0,169.0,0.45674145,113.0,133.0,0.416533,94.0,136.0,0.5461989,95.0,127.0,0.4416722,100.0,197.0,0.6217648,58.0,108.0,0.70433545,103.0,255.0,0.69850975
guy3_warrior099.jpg,127.0,133.0,0.651288,129.0,126.0,0.78966045,121.0,127.0,0.70748055,143.0,113.0,0.6071275,122.0,117.0,0.27518642,172.0,121.0,0.44944528,129.0,113.0,0.44917485,181.0,135.0,0.3313746,87.0,117.0,0.55638814,152.0,165.0,0.62722266,77.0,151.0,0.6418529,203.0,134.0,0.5651128,191.0,129.0,0.49329525,200.0,192.0,0.68534917,216.0,120.0,0.46577588,196.0,252.0,0.5414216,246.0,106.0,0.698217
guy3_warrior100.jpg,125.0,130.0,0.7039737,128.0,124.0,0.6675296,120.0,125.0,0.6135209,141.0,110.0,0.76454544,122.0,112.0,0.26061237,171.0,116.0,0.602669,128.0,107.0,0.4922758,176.0,131.0,0.41449544,85.0,117.0,0.60171044,143.0,161.0,0.44071698,70.0,144.0,0.52495825,205.0,132.0,0.63732165,193.0,124.0,0.38568604,200.0,192.0,0.4793599,219.0,119.0,0.43015325,196.0,254.0,0.7440754,248.0,107.0,0.79668266
guy3_warrior100_flipped.jpg,173.0,131.0,0.64154613,179.0,126.0,0.44334593,171.0,125.0,0.6505117,176.0,117.0,0.4276716,156.0,114.0,0.71763647,173.0,111.0,0.40695643,128.0,116.0,0.5075328,214.0,118.0,0.63878256,122.0,127.0,0.45967796,230.0,144.0,0.7168098,156.0,161.0,0.3893963,110.0,128.0,0.4998864,92.0,131.0,0.54633343,87.0,122.0,0.233075,98.0,195.0,0.596106,55.0,107.0,0.38112128,102.0,253.0,0.62226045
guy3_warrior101.jpg,124.0,128.0,0.7488951,126.0,122.0,0.6421174,119.0,124.0,0.6370287,139.0,109.0,0.81568444,122.0,112.0,0.23775822,164.0,114.0,0.41799396,130.0,107.0,0.615238,162.0,132.0,0.3480749,106.0,111.0,0.13837698,135.0,155.0,0.757107,80.0,119.0,0.4623762,205.0,133.0,0.670323,195.0,129.0,0.34057522,199.0,193.0,0.5443251,216.0,120.0,0.32416874,197.0,254.0,0.6421145,251.0,105.0,0.7247296
guy3_warrior101_flipped.jpg,174.0,128.0,0.6781048,180.0,124.0,0.46721935,173.0,122.0,0.46141908,176.0,116.0,0.29454398,158.0,112.0,0.5664818,170.0,110.0,0.416318,132.0,113.0,0.5231284,212.0,116.0,0.5714576,125.0,120.0,0.43733573,221.0,122.0,0.34526283,165.0,154.0,0.6107925,108.0,132.0,0.52185506,94.0,131.0,0.5258633,101.0,191.0,0.2856022,99.0,193.0,0.35808563,102.0,252.0,0.31935814,103.0,252.0,0.6247274
guy3_warrior102.jpg,124.0,126.0,0.64480126,126.0,120.0,0.5104822,119.0,122.0,0.4894101,139.0,107.0,0.585427,121.0,112.0,0.23028317,163.0,112.0,0.5496048,129.0,106.0,0.48525134,157.0,126.0,0.30913377,105.0,109.0,0.16258928,127.0,148.0,0.594373,80.0,116.0,0.267812,204.0,133.0,0.50399774,194.0,129.0,0.45825174,199.0,191.0,0.50411284,216.0,121.0,0.40441126,197.0,254.0,0.7669264,252.0,106.0,0.64867616
guy3_warrior102_flipped.jpg,177.0,128.0,0.4600873,182.0,124.0,0.6012388,176.0,122.0,0.80698323,176.0,115.0,0.30482525,160.0,111.0,0.5865457,166.0,107.0,0.6012421,136.0,113.0,0.51698864,213.0,113.0,0.32836077,134.0,119.0,0.22233486,221.0,117.0,0.48921072,175.0,148.0,0.7053156,109.0,132.0,0.44933093,94.0,130.0,0.69849366,101.0,191.0,0.42992187,100.0,193.0,0.31115478,102.0,251.0,0.27848428,102.0,252.0,0.45054302
guy3_warrior103.jpg,122.0,127.0,0.60846794,124.0,120.0,0.75034547,117.0,121.0,0.7074972,139.0,106.0,0.8089162,122.0,109.0,0.35788935,165.0,110.0,0.7556222,128.0,106.0,0.7352408,152.0,119.0,0.38760835,96.0,110.0,0.20418945,120.0,137.0,0.6396581,80.0,114.0,0.3186413,207.0,131.0,0.6414337,196.0,128.0,0.63574696,200.0,190.0,0.72791594,217.0,119.0,0.41759852,197.0,251.0,0.8033941,252.0,105.0,0.77836025
guy3_warrior103_flipped.jpg,177.0,126.0,0.71779597,181.0,122.0,0.6514606,176.0,121.0,0.7196592,175.0,112.0,0.47378817,161.0,109.0,0.74877375,169.0,105.0,0.6641695,134.0,109.0,0.67956734,213.0,111.0,0.46345246,135.0,114.0,0.32373756,218.0,113.0,0.46908134,180.0,140.0,0.73424613,109.0,129.0,0.6207437,93.0,128.0,0.60659945,101.0,188.0,0.3084879,99.0,191.0,0.5043047,102.0,249.0,0.3432021,103.0,249.0,0.45185146
guy3_warrior104.jpg,125.0,126.0,0.679988,127.0,119.0,0.5644905,119.0,120.0,0.70290905,140.0,105.0,0.7250188,123.0,107.0,0.61345464,168.0,105.0,0.8510873,128.0,107.0,0.8133063,153.0,113.0,0.3772705,87.0,110.0,0.34756535,114.0,130.0,0.8560208,76.0,112.0,0.6667894,207.0,128.0,0.78140557,199.0,126.0,0.76320094,201.0,189.0,0.72220284,223.0,114.0,0.4590483,198.0,249.0,0.884082,255.0,106.0,0.85106
guy3_warrior104_flipped.jpg,174.0,124.0,0.62777555,180.0,119.0,0.6680432,174.0,119.0,0.6041891,175.0,107.0,0.6345017,160.0,106.0,0.8145758,170.0,104.0,0.67539936,134.0,108.0,0.5288717,214.0,110.0,0.4417288,142.0,114.0,0.4484076,221.0,112.0,0.40382433,184.0,130.0,0.80824995,107.0,131.0,0.76146364,90.0,128.0,0.81066185,101.0,185.0,0.40879354,97.0,190.0,0.48149484,101.0,251.0,0.24440694,42.0,104.0,0.65534294
guy3_warrior105.jpg,119.0,120.0,0.47666106,121.0,114.0,0.36395264,115.0,115.0,0.5389359,133.0,104.0,0.72518903,120.0,105.0,0.44296733,162.0,108.0,0.6040822,123.0,103.0,0.6752548,145.0,112.0,0.20363376,82.0,106.0,0.8182849,110.0,120.0,0.8754491,41.0,116.0,0.72252154,208.0,130.0,0.5412003,200.0,126.0,0.4614495,199.0,186.0,0.619972,234.0,110.0,0.26130122,197.0,247.0,0.8588312,254.0,106.0,0.628526
guy3_warrior105_flipped.jpg,174.0,120.0,0.41062036,181.0,117.0,0.4541476,175.0,116.0,0.39187193,177.0,109.0,0.2743932,163.0,107.0,0.50011015,164.0,105.0,0.5427208,141.0,110.0,0.29398745,195.0,110.0,0.1307216,147.0,111.0,0.15175253,216.0,108.0,0.29696736,188.0,122.0,0.4581335,107.0,128.0,0.62083066,94.0,129.0,0.60853124,101.0,187.0,0.33704394,99.0,191.0,0.33299112,101.0,248.0,0.31475338,102.0,249.0,0.48699522
guy3_warrior106.jpg,118.0,118.0,0.39796308,121.0,113.0,0.37140268,114.0,114.0,0.30342686,134.0,105.0,0.5130766,117.0,107.0,0.22501919,163.0,110.0,0.5205186,119.0,106.0,0.42602417,138.0,110.0,0.3341176,79.0,105.0,0.42979476,104.0,113.0,0.4219824,38.0,111.0,0.60956866,206.0,129.0,0.52590024,196.0,124.0,0.47897983,198.0,187.0,0.5342989,236.0,112.0,0.3065977,198.0,249.0,0.7823911,258.0,107.0,0.5636795
guy3_warrior106_flipped.jpg,177.0,123.0,0.5195133,181.0,119.0,0.42886838,175.0,119.0,0.56052625,179.0,111.0,0.3226317,164.0,108.0,0.64163506,169.0,103.0,0.6791669,136.0,114.0,0.39902663,189.0,103.0,0.2231434,157.0,110.0,0.22043657,197.0,111.0,0.6038593,196.0,113.0,0.23715281,105.0,127.0,0.6859659,90.0,129.0,0.77584887,80.0,119.0,0.5923419,97.0,188.0,0.3778815,45.0,105.0,0.31776524,100.0,250.0,0.60435003
guy3_warrior107.jpg,117.0,116.0,0.4258927,121.0,112.0,0.41870192,114.0,113.0,0.348967,133.0,104.0,0.45711803,118.0,105.0,0.22928566,161.0,110.0,0.47664797,121.0,105.0,0.3869009,136.0,108.0,0.37211847,79.0,104.0,0.3024559,102.0,107.0,0.3488924,37.0,105.0,0.6063653,208.0,127.0,0.5672948,197.0,123.0,0.3793412,199.0,187.0,0.5173838,238.0,110.0,0.34300524,198.0,248.0,0.71957994,258.0,106.0,0.5380824
guy3_warrior107_flipped.jpg,179.0,121.0,0.46393403,184.0,116.0,0.34227324,176.0,116.0,0.50993323,183.0,110.0,0.34400898,166.0,107.0,0.5801927,174.0,103.0,0.4292198,138.0,113.0,0.46179852,194.0,100.0,0.23222286,162.0,109.0,0.18230829,219.0,103.0,0.3132977,199.0,108.0,0.18298513,107.0,124.0,0.51749897,92.0,126.0,0.7053517,99.0,184.0,0.33378676,97.0,188.0,0.29083404,99.0,247.0,0.25437608,99.0,247.0,0.5927949
guy3_warrior108.jpg,117.0,115.0,0.44423503,121.0,111.0,0.3844121,114.0,112.0,0.30355015,132.0,103.0,0.5682572,117.0,103.0,0.22359192,160.0,110.0,0.4327103,119.0,102.0,0.40708923,136.0,107.0,0.35410684,77.0,100.0,0.41927847,100.0,105.0,0.43906105,39.0,102.0,0.54702896,207.0,128.0,0.5761654,197.0,124.0,0.43351537,199.0,186.0,0.57841116,236.0,110.0,0.39834893,199.0,249.0,0.77613384,260.0,108.0,0.5318658
guy3_warrior108_flipped.jpg,179.0,119.0,0.5479349,184.0,115.0,0.58878446,178.0,114.0,0.59978247,181.0,109.0,0.3543746,166.0,105.0,0.49055183,175.0,100.0,0.5599549,139.0,112.0,0.43010485,196.0,101.0,0.34533626,165.0,107.0,0.15616623,226.0,102.0,0.31837642,200.0,106.0,0.20354292,106.0,126.0,0.51013863,91.0,129.0,0.6669618,82.0,120.0,0.3313325,97.0,189.0,0.3587501,55.0,104.0,0.26370308,100.0,248.0,0.60229313
guy3_warrior109.jpg,116.0,115.0,0.45589185,120.0,111.0,0.48378035,113.0,111.0,0.38648912,131.0,102.0,0.57074785,116.0,102.0,0.18675971,159.0,109.0,0.47109807,119.0,101.0,0.43674266,134.0,107.0,0.25986847,80.0,101.0,0.28343487,98.0,104.0,0.43689346,41.0,100.0,0.63820434,207.0,127.0,0.60033,199.0,123.0,0.4520228,200.0,186.0,0.59373283,236.0,109.0,0.27136698,200.0,249.0,0.7509295,262.0,105.0,0.6357567
guy3_warrior109_flipped.jpg,181.0,119.0,0.51759976,185.0,115.0,0.41585168,180.0,115.0,0.5841359,181.0,106.0,0.3946014,169.0,104.0,0.49403018,174.0,101.0,0.5480337,139.0,111.0,0.5344269,198.0,100.0,0.3871767,167.0,107.0,0.25197816,223.0,101.0,0.34915513,203.0,105.0,0.21058327,104.0,122.0,0.6110102,90.0,126.0,0.83127457,77.0,118.0,0.61258626,98.0,188.0,0.37496728,40.0,105.0,0.27872127,101.0,249.0,0.72544026
guy3_warrior110.jpg,116.0,116.0,0.4876812,120.0,112.0,0.59797776,112.0,112.0,0.33267236,131.0,102.0,0.6479007,116.0,102.0,0.25387773,160.0,108.0,0.5346355,119.0,102.0,0.49774247,134.0,106.0,0.15946579,80.0,101.0,0.31879324,98.0,102.0,0.4176221,41.0,100.0,0.62761873,207.0,127.0,0.4860384,198.0,123.0,0.3876351,200.0,186.0,0.68911827,236.0,111.0,0.40298384,200.0,247.0,0.86659193,262.0,108.0,0.631897
guy3_warrior111.jpg,117.0,116.0,0.5083931,119.0,111.0,0.6127863,112.0,112.0,0.39610556,130.0,100.0,0.60496426,117.0,102.0,0.24196532,158.0,106.0,0.6037096,120.0,101.0,0.5136851,131.0,105.0,0.19964135,83.0,101.0,0.28771985,96.0,101.0,0.53686935,40.0,98.0,0.5265808,208.0,127.0,0.48756808,201.0,122.0,0.46072578,200.0,186.0,0.6900563,239.0,110.0,0.3686508,200.0,247.0,0.8851063,266.0,107.0,0.66402346
guy3_warrior111_flipped.jpg,180.0,117.0,0.5494362,185.0,112.0,0.55419785,180.0,112.0,0.5414281,179.0,103.0,0.48038822,171.0,101.0,0.5931097,169.0,98.0,0.48862836,143.0,105.0,0.56584924,194.0,98.0,0.2513339,172.0,103.0,0.28606603,205.0,101.0,0.47956675,205.0,102.0,0.3366136,101.0,121.0,0.84353745,88.0,125.0,0.70930874,72.0,116.0,0.584002,98.0,186.0,0.44932768,37.0,104.0,0.49461493,34.0,103.0,0.46796164
guy3_warrior112.jpg,116.0,115.0,0.46298996,120.0,110.0,0.5556165,111.0,111.0,0.31281286,131.0,100.0,0.54058605,114.0,102.0,0.26467496,159.0,107.0,0.49950346,116.0,102.0,0.43615085,132.0,103.0,0.22757015,84.0,102.0,0.2648983,96.0,99.0,0.44961613,40.0,100.0,0.5781597,208.0,127.0,0.45304054,200.0,122.0,0.40667334,200.0,184.0,0.7208533,240.0,110.0,0.31682855,199.0,245.0,0.86534506,267.0,108.0,0.5825042
guy3_warrior112_flipped.jpg,183.0,116.0,0.589598,186.0,112.0,0.6031616,182.0,110.0,0.6414321,178.0,102.0,0.5733999,170.0,100.0,0.5088831,168.0,98.0,0.5041667,141.0,106.0,0.6628961,179.0,97.0,0.41476464,169.0,103.0,0.3213585,205.0,100.0,0.541476,204.0,101.0,0.3103039,100.0,123.0,0.86792547,87.0,125.0,0.84255874,98.0,182.0,0.33533275,56.0,110.0,0.39618206,98.0,246.0,0.36490065,30.0,103.0,0.62170637
guy3_warrior113.jpg,116.0,117.0,0.48962194,119.0,111.0,0.61995524,111.0,112.0,0.3784478,130.0,100.0,0.6088007,115.0,102.0,0.42360264,159.0,104.0,0.68443173,118.0,100.0,0.5260786,131.0,101.0,0.39796835,80.0,102.0,0.26983616,94.0,99.0,0.42544925,39.0,99.0,0.5403825,210.0,128.0,0.6796638,202.0,123.0,0.51914656,202.0,185.0,0.7560561,240.0,111.0,0.4713463,201.0,244.0,0.86469626,268.0,109.0,0.73161566
guy3_warrior113_flipped.jpg,183.0,114.0,0.50622636,186.0,110.0,0.42970163,183.0,109.0,0.621035,179.0,101.0,0.5732792,171.0,99.0,0.61579525,168.0,101.0,0.57719153,145.0,104.0,0.697317,178.0,98.0,0.25650924,170.0,101.0,0.5256308,205.0,99.0,0.48386168,203.0,100.0,0.4475499,100.0,123.0,0.85427636,88.0,124.0,0.7726096,73.0,118.0,0.34475496,64.0,115.0,0.23167333,31.0,105.0,0.4951509,98.0,245.0,0.76694643
guy3_warrior114.jpg,115.0,115.0,0.5739187,117.0,109.0,0.46432567,112.0,111.0,0.5053493,130.0,99.0,0.43482193,116.0,102.0,0.30025983,157.0,105.0,0.5037191,122.0,103.0,0.38119215,130.0,104.0,0.25195262,89.0,99.0,0.19910222,93.0,98.0,0.32938367,43.0,98.0,0.4479999,209.0,127.0,0.5524992,201.0,122.0,0.48296407,201.0,184.0,0.7306308,242.0,112.0,0.46049544,201.0,245.0,0.8572004,269.0,109.0,0.70721495
guy3_warrior114_flipped.jpg,183.0,114.0,0.5251846,186.0,109.0,0.5878528,183.0,108.0,0.61297435,178.0,99.0,0.6353815,171.0,97.0,0.7140753,167.0,98.0,0.7092272,143.0,103.0,0.5383181,177.0,97.0,0.27260584,171.0,100.0,0.59823817,204.0,98.0,0.3891056,205.0,98.0,0.5922918,100.0,122.0,0.8524909,89.0,123.0,0.8800807,96.0,179.0,0.39429194,97.0,183.0,0.2663277,97.0,245.0,0.24807781,98.0,244.0,0.8304112
guy3_warrior115.jpg,115.0,113.0,0.5503319,117.0,108.0,0.3911866,112.0,109.0,0.49656397,129.0,98.0,0.46236464,116.0,101.0,0.2674373,156.0,104.0,0.60411334,122.0,102.0,0.397311,129.0,102.0,0.287937,88.0,98.0,0.3103479,92.0,97.0,0.46134153,43.0,98.0,0.50701445,210.0,127.0,0.6866067,203.0,122.0,0.53675246,202.0,184.0,0.7328713,242.0,113.0,0.4685244,202.0,243.0,0.88506293,271.0,109.0,0.69087815
guy3_warrior115_flipped.jpg,185.0,112.0,0.5412831,186.0,108.0,0.5455977,184.0,106.0,0.5534376,178.0,99.0,0.6154157,172.0,97.0,0.6845991,168.0,99.0,0.51911896,142.0,103.0,0.62045556,179.0,97.0,0.29691988,172.0,98.0,0.4999814,207.0,97.0,0.46132803,208.0,97.0,0.44923714,101.0,122.0,0.7566732,88.0,123.0,0.87396383,74.0,118.0,0.37590593,96.0,183.0,0.54744685,32.0,105.0,0.34199005,97.0,244.0,0.8326368
guy3_warrior116.jpg,114.0,114.0,0.57522964,116.0,109.0,0.5753983,111.0,110.0,0.60953575,131.0,100.0,0.54703677,118.0,101.0,0.33301026,156.0,103.0,0.60194886,127.0,103.0,0.30766225,126.0,100.0,0.45143953,105.0,98.0,0.17856592,90.0,97.0,0.5775476,85.0,96.0,0.2556535,211.0,127.0,0.6207701,204.0,121.0,0.54858404,203.0,184.0,0.72511125,243.0,112.0,0.42475337,203.0,243.0,0.87749743,272.0,109.0,0.6241566
guy3_warrior116_flipped.jpg,183.0,113.0,0.45855892,186.0,109.0,0.6555421,182.0,107.0,0.6181013,178.0,101.0,0.55599475,172.0,98.0,0.6338248,169.0,98.0,0.71921,148.0,102.0,0.5972301,183.0,94.0,0.34217924,173.0,99.0,0.43781012,208.0,97.0,0.34525052,209.0,97.0,0.3824527,102.0,121.0,0.751522,89.0,124.0,0.8289847,72.0,118.0,0.56785333,96.0,184.0,0.721472,29.0,106.0,0.46992266,96.0,243.0,0.5837563
guy3_warrior117.jpg,114.0,113.0,0.6421916,117.0,108.0,0.5160431,111.0,109.0,0.6934539,131.0,98.0,0.6116485,117.0,100.0,0.4087919,157.0,103.0,0.65778387,125.0,102.0,0.48079306,126.0,101.0,0.3998854,106.0,98.0,0.1940178,88.0,96.0,0.6531628,85.0,95.0,0.331735,210.0,126.0,0.6639117,202.0,120.0,0.6246031,203.0,183.0,0.60704726,242.0,113.0,0.5568507,203.0,242.0,0.921806,273.0,109.0,0.679914
guy3_warrior117_flipped.jpg,182.0,113.0,0.572075,186.0,108.0,0.66461295,182.0,107.0,0.6390272,179.0,101.0,0.5507082,171.0,97.0,0.52830315,170.0,100.0,0.5006732,144.0,103.0,0.59127194,192.0,98.0,0.24943483,173.0,99.0,0.3731481,209.0,96.0,0.46013832,210.0,96.0,0.29368496,101.0,123.0,0.7764869,88.0,124.0,0.87887454,96.0,180.0,0.42044416,53.0,111.0,0.28374997,95.0,244.0,0.474998,24.0,104.0,0.6998941
guy3_warrior118.jpg,115.0,113.0,0.64921105,118.0,108.0,0.51948744,112.0,108.0,0.64304924,131.0,97.0,0.6482741,117.0,99.0,0.47938088,156.0,102.0,0.6354509,124.0,98.0,0.38794756,122.0,98.0,0.4902908,104.0,95.0,0.28632757,85.0,95.0,0.66907537,82.0,94.0,0.38433278,210.0,127.0,0.705157,204.0,120.0,0.4866742,203.0,184.0,0.7468414,246.0,112.0,0.56415963,204.0,243.0,0.9023939,276.0,110.0,0.7415936
guy3_warrior118_flipped.jpg,183.0,114.0,0.6235453,186.0,110.0,0.530005,182.0,109.0,0.6851176,180.0,100.0,0.6195312,172.0,97.0,0.63222796,169.0,98.0,0.70279527,147.0,100.0,0.76839054,185.0,96.0,0.36174548,175.0,97.0,0.3799343,215.0,96.0,0.33141434,215.0,95.0,0.40961352,100.0,121.0,0.7405012,88.0,123.0,0.88645136,96.0,179.0,0.30349952,95.0,182.0,0.2879393,96.0,244.0,0.3361442,22.0,103.0,0.685033
guy3_warrior119.jpg,116.0,113.0,0.57724625,118.0,108.0,0.43112618,112.0,109.0,0.4018398,129.0,97.0,0.4489721,118.0,99.0,0.47058484,156.0,103.0,0.5522559,127.0,99.0,0.28773946,122.0,97.0,0.3975154,100.0,95.0,0.28478974,85.0,93.0,0.5576816,83.0,92.0,0.39517397,211.0,127.0,0.6599632,205.0,122.0,0.56468284,203.0,183.0,0.7207689,249.0,112.0,0.44878745,204.0,242.0,0.9074557,278.0,111.0,0.6937273
guy3_warrior119_flipped.jpg,182.0,113.0,0.48024586,185.0,108.0,0.6877444,181.0,106.0,0.55641955,178.0,99.0,0.53128165,172.0,96.0,0.6534518,166.0,102.0,0.39949045,145.0,100.0,0.8228512,184.0,96.0,0.2995401,173.0,97.0,0.5177703,211.0,95.0,0.37989676,212.0,94.0,0.361667,100.0,121.0,0.65638334,88.0,124.0,0.8513098,66.0,116.0,0.5174727,94.0,183.0,0.47598785,25.0,106.0,0.39294308,96.0,243.0,0.8098893
guy3_warrior120.jpg,118.0,114.0,0.58354336,119.0,108.0,0.5385142,113.0,109.0,0.5337427,131.0,98.0,0.5039164,119.0,101.0,0.31532943,156.0,103.0,0.46529785,128.0,99.0,0.22092825,121.0,96.0,0.37147024,104.0,94.0,0.28060156,86.0,93.0,0.45539805,84.0,93.0,0.32001954,209.0,128.0,0.5392974,202.0,122.0,0.5246403,203.0,184.0,0.7079681,247.0,112.0,0.41022518,205.0,243.0,0.8747818,277.0,108.0,0.5792305
guy3_warrior120_flipped.jpg,182.0,115.0,0.5401223,186.0,110.0,0.58624154,182.0,108.0,0.4821409,179.0,99.0,0.41508192,171.0,96.0,0.558049,168.0,99.0,0.6489389,146.0,100.0,0.76052713,186.0,95.0,0.32329762,175.0,97.0,0.3693266,213.0,95.0,0.28836364,213.0,93.0,0.2526391,100.0,119.0,0.8738866,89.0,123.0,0.8653289,62.0,115.0,0.5512609,94.0,182.0,0.33026493,29.0,106.0,0.22025743,95.0,243.0,0.7722051
guy3_warrior121.jpg,117.0,114.0,0.5715771,119.0,109.0,0.5784183,113.0,109.0,0.5663923,130.0,98.0,0.51969004,119.0,102.0,0.35689363,156.0,103.0,0.56922525,129.0,99.0,0.21251631,121.0,96.0,0.5069561,101.0,96.0,0.346541,86.0,92.0,0.6276792,83.0,92.0,0.3763538,212.0,127.0,0.65321696,204.0,122.0,0.38338917,204.0,184.0,0.7463494,246.0,115.0,0.3696757,205.0,241.0,0.8636985,278.0,108.0,0.46326718
guy3_warrior121_flipped.jpg,181.0,114.0,0.5677742,185.0,109.0,0.5850797,181.0,108.0,0.5143905,178.0,98.0,0.45821482,171.0,97.0,0.6141964,168.0,97.0,0.60384476,148.0,98.0,0.69304574,182.0,98.0,0.242401,173.0,97.0,0.5696527,211.0,94.0,0.34794542,208.0,93.0,0.55353874,100.0,121.0,0.66747254,90.0,123.0,0.88750637,62.0,116.0,0.4852105,94.0,182.0,0.343462,30.0,103.0,0.45768306,94.0,242.0,0.66288066
guy3_warrior122.jpg,117.0,114.0,0.52743113,118.0,109.0,0.5390254,113.0,109.0,0.5305092,130.0,98.0,0.4786768,119.0,102.0,0.354411,155.0,105.0,0.52770954,126.0,101.0,0.3297635,121.0,96.0,0.47905135,100.0,97.0,0.36070123,84.0,91.0,0.51287675,80.0,91.0,0.3855728,213.0,127.0,0.603127,206.0,123.0,0.42023802,204.0,183.0,0.5123263,248.0,115.0,0.36404073,205.0,241.0,0.832245,279.0,110.0,0.5570012
guy3_warrior122_flipped.jpg,182.0,112.0,0.6899221,186.0,108.0,0.7188736,183.0,107.0,0.61310965,178.0,98.0,0.60064703,171.0,95.0,0.57254326,170.0,97.0,0.52803963,148.0,97.0,0.7576466,188.0,99.0,0.27836603,173.0,98.0,0.564506,211.0,93.0,0.42937267,209.0,91.0,0.50881964,100.0,120.0,0.80627394,88.0,123.0,0.7958042,95.0,179.0,0.36763328,94.0,181.0,0.3068841,30.0,104.0,0.26656607,17.0,107.0,0.5386173
guy3_warrior123.jpg,117.0,116.0,0.4894895,118.0,110.0,0.52395374,113.0,112.0,0.5111313,130.0,100.0,0.58523417,119.0,102.0,0.39657414,154.0,104.0,0.5457211,129.0,103.0,0.27628022,120.0,96.0,0.57184696,100.0,97.0,0.29130054,83.0,91.0,0.7099201,80.0,91.0,0.3621598,212.0,127.0,0.62783253,206.0,123.0,0.44405577,204.0,184.0,0.715859,245.0,116.0,0.43848857,206.0,242.0,0.87224936,280.0,110.0,0.61668015
guy3_warrior123_flipped.jpg,181.0,115.0,0.65290856,186.0,111.0,0.51258975,182.0,110.0,0.6505134,179.0,101.0,0.5342928,172.0,98.0,0.5536322,168.0,99.0,0.67271143,150.0,99.0,0.47381276,192.0,98.0,0.27782592,176.0,95.0,0.49266464,211.0,91.0,0.26536292,211.0,90.0,0.4235918,99.0,123.0,0.6274542,90.0,126.0,0.8143359,59.0,116.0,0.5804621,94.0,183.0,0.48099688,25.0,103.0,0.41187954,94.0,242.0,0.71637285
guy3_warrior124.jpg,117.0,115.0,0.5054897,118.0,110.0,0.49511245,113.0,111.0,0.5506576,130.0,100.0,0.5768354,120.0,102.0,0.42695048,152.0,104.0,0.42362618,129.0,103.0,0.28583312,116.0,96.0,0.5252865,96.0,101.0,0.26912493,85.0,90.0,0.59059554,55.0,95.0,0.4964838,211.0,128.0,0.5796422,208.0,123.0,0.43746042,203.0,184.0,0.6990584,245.0,116.0,0.4417069,206.0,242.0,0.87121964,282.0,113.0,0.56705105
guy3_warrior124_flipped.jpg,181.0,115.0,0.6151129,184.0,111.0,0.6216662,182.0,109.0,0.6419524,178.0,100.0,0.49351603,173.0,98.0,0.5413481,168.0,98.0,0.63335246,151.0,97.0,0.6479355,195.0,97.0,0.36173669,177.0,95.0,0.50917023,214.0,91.0,0.34811765,212.0,88.0,0.52018607,97.0,124.0,0.7931433,90.0,126.0,0.8637866,52.0,115.0,0.61016154,94.0,183.0,0.48153067,93.0,243.0,0.4131037,93.0,243.0,0.5178032
guy3_warrior125.jpg,116.0,116.0,0.7513668,116.0,110.0,0.7421477,114.0,111.0,0.68829787,127.0,101.0,0.61100936,122.0,101.0,0.7551439,151.0,105.0,0.7227428,133.0,104.0,0.6985785,116.0,93.0,0.6891804,103.0,100.0,0.4691832,86.0,88.0,0.69906414,83.0,92.0,0.42181754,210.0,125.0,0.8878963,207.0,120.0,0.8578142,205.0,184.0,0.7369379,250.0,113.0,0.711148,205.0,243.0,0.8978496,282.0,111.0,0.79322207
guy3_warrior125_flipped.jpg,181.0,115.0,0.6169052,185.0,111.0,0.65679455,182.0,109.0,0.5916377,177.0,99.0,0.4733969,173.0,97.0,0.44606328,168.0,99.0,0.63864046,152.0,99.0,0.65134317,195.0,98.0,0.42019138,178.0,96.0,0.5124603,214.0,89.0,0.38540286,213.0,87.0,0.58749616,97.0,122.0,0.77901167,90.0,126.0,0.78824615,56.0,116.0,0.5847457,93.0,186.0,0.67943394,24.0,105.0,0.36268747,93.0,245.0,0.55909514
guy3_warrior126.jpg,116.0,117.0,0.4598445,117.0,113.0,0.45765543,113.0,114.0,0.5129524,127.0,102.0,0.5769822,119.0,104.0,0.50665724,151.0,103.0,0.4665892,130.0,107.0,0.38049418,116.0,95.0,0.50050277,92.0,103.0,0.4168607,84.0,85.0,0.546854,54.0,96.0,0.74040663,211.0,128.0,0.5790142,208.0,124.0,0.52718985,204.0,185.0,0.72457576,247.0,117.0,0.42331067,206.0,244.0,0.85872126,283.0,112.0,0.5915749
guy3_warrior126_flipped.jpg,181.0,117.0,0.69206893,184.0,113.0,0.71828645,182.0,112.0,0.51373065,176.0,101.0,0.71289706,173.0,100.0,0.4296069,167.0,100.0,0.772974,151.0,100.0,0.60130566,197.0,98.0,0.54860175,179.0,96.0,0.6409491,217.0,91.0,0.30780274,214.0,85.0,0.49575838,97.0,124.0,0.79919624,89.0,126.0,0.7624175,52.0,115.0,0.6687367,94.0,184.0,0.5615949,93.0,243.0,0.32591444,94.0,243.0,0.60602665
guy3_warrior127.jpg,116.0,118.0,0.6125009,115.0,112.0,0.73548645,112.0,112.0,0.7178768,128.0,103.0,0.7194177,121.0,103.0,0.5590824,154.0,106.0,0.78618526,131.0,108.0,0.74096763,120.0,96.0,0.62594676,99.0,101.0,0.37444788,86.0,84.0,0.7436723,83.0,91.0,0.20021418,212.0,125.0,0.9245952,207.0,121.0,0.840204,205.0,184.0,0.6385778,252.0,113.0,0.7469511,207.0,243.0,0.95347726,284.0,112.0,0.75357735
guy3_warrior127_flipped.jpg,181.0,119.0,0.73939675,184.0,114.0,0.71218735,182.0,112.0,0.5191667,176.0,102.0,0.5015316,173.0,101.0,0.55143625,166.0,104.0,0.73584527,151.0,101.0,0.67649424,190.0,101.0,0.45434242,176.0,98.0,0.47784808,215.0,88.0,0.39466146,214.0,86.0,0.59757173,97.0,126.0,0.5923307,90.0,127.0,0.9113915,94.0,181.0,0.38343695,95.0,183.0,0.25215918,15.0,107.0,0.457124,93.0,243.0,0.8302698
guy3_warrior128.jpg,115.0,119.0,0.5968885,116.0,113.0,0.68541497,112.0,113.0,0.7529332,128.0,104.0,0.75011206,120.0,105.0,0.6019535,152.0,107.0,0.50702566,130.0,110.0,0.7009748,118.0,96.0,0.6269394,98.0,101.0,0.26310295,85.0,83.0,0.66944134,81.0,89.0,0.20845091,211.0,125.0,0.83027214,205.0,123.0,0.77284783,205.0,184.0,0.7105138,251.0,116.0,0.6942045,206.0,243.0,0.94470036,285.0,112.0,0.7408299
guy3_warrior128_flipped.jpg,183.0,119.0,0.63362384,186.0,114.0,0.568455,183.0,112.0,0.4397832,178.0,104.0,0.41768587,173.0,102.0,0.6606718,166.0,105.0,0.6448838,148.0,102.0,0.6397761,190.0,101.0,0.2898873,180.0,97.0,0.72063655,210.0,94.0,0.20040789,212.0,86.0,0.44135872,96.0,124.0,0.7970492,90.0,129.0,0.8808962,50.0,116.0,0.7037804,94.0,184.0,0.61968327,17.0,111.0,0.54148656,94.0,243.0,0.83165234
guy3_warrior129.jpg,113.0,118.0,0.58244085,114.0,113.0,0.58969563,110.0,114.0,0.6777607,125.0,104.0,0.4983775,116.0,106.0,0.37720007,150.0,107.0,0.4802759,127.0,108.0,0.37127507,109.0,95.0,0.18118033,92.0,102.0,0.4028153,80.0,81.0,0.42616913,53.0,96.0,0.5102993,211.0,129.0,0.5375281,208.0,122.0,0.4560659,204.0,186.0,0.6648994,248.0,117.0,0.40823933,205.0,245.0,0.7888664,285.0,115.0,0.5570062
guy3_warrior129_flipped.jpg,184.0,119.0,0.60544825,187.0,114.0,0.74282295,184.0,113.0,0.6651797,178.0,104.0,0.5352479,172.0,102.0,0.6324066,163.0,107.0,0.6964492,146.0,105.0,0.45140323,190.0,100.0,0.18913051,179.0,99.0,0.3690979,210.0,96.0,0.21016991,218.0,85.0,0.21642405,97.0,126.0,0.70458496,91.0,131.0,0.83472097,53.0,119.0,0.712578,95.0,186.0,0.6245032,15.0,110.0,0.53506696,94.0,244.0,0.7823109
guy3_warrior130.jpg,114.0,121.0,0.6887141,113.0,114.0,0.6174351,110.0,115.0,0.7442258,126.0,106.0,0.62390816,120.0,107.0,0.76927876,152.0,110.0,0.70023406,132.0,113.0,0.78851354,119.0,100.0,0.4222958,98.0,105.0,0.38671663,84.0,86.0,0.6038554,80.0,98.0,0.17768905,210.0,129.0,0.85613966,207.0,124.0,0.8373461,204.0,186.0,0.713969,251.0,118.0,0.6959633,205.0,245.0,0.8870187,285.0,117.0,0.8383209
guy3_warrior130_flipped.jpg,184.0,120.0,0.52463675,187.0,116.0,0.6645286,184.0,114.0,0.44017547,179.0,105.0,0.49490696,173.0,103.0,0.4530065,162.0,110.0,0.7202419,147.0,107.0,0.5307169,190.0,103.0,0.26251036,182.0,99.0,0.4263721,214.0,90.0,0.2312099,216.0,87.0,0.47871524,97.0,127.0,0.5535249,92.0,132.0,0.8084361,53.0,119.0,0.62858456,95.0,187.0,0.5286162,17.0,112.0,0.50819385,95.0,245.0,0.6968377
guy3_warrior131.jpg,113.0,122.0,0.5549026,114.0,116.0,0.7348244,110.0,116.0,0.7588872,125.0,107.0,0.6909653,118.0,108.0,0.61368704,151.0,111.0,0.56524575,131.0,115.0,0.61083084,115.0,99.0,0.5896896,100.0,105.0,0.3563043,81.0,85.0,0.38339138,78.0,96.0,0.120607555,211.0,129.0,0.86782265,205.0,125.0,0.7829414,204.0,186.0,0.67513245,251.0,119.0,0.73294246,204.0,245.0,0.8648137,286.0,117.0,0.67976826
guy3_warrior131_flipped.jpg,184.0,121.0,0.5937957,187.0,117.0,0.5386908,184.0,116.0,0.60579896,179.0,108.0,0.28708607,174.0,106.0,0.48650396,164.0,110.0,0.58347696,147.0,109.0,0.48941523,193.0,102.0,0.31209928,181.0,100.0,0.42961422,215.0,88.0,0.15851504,219.0,87.0,0.4037813,97.0,125.0,0.72643036,93.0,132.0,0.7466086,57.0,122.0,0.70620465,95.0,188.0,0.5790673,19.0,113.0,0.51098984,94.0,246.0,0.7213795
guy3_warrior132.jpg,113.0,122.0,0.6827048,113.0,116.0,0.6198536,110.0,116.0,0.7607491,125.0,107.0,0.58287764,119.0,108.0,0.7787539,149.0,110.0,0.69950473,130.0,115.0,0.73468184,113.0,96.0,0.5245209,94.0,105.0,0.3439296,81.0,84.0,0.4524114,67.0,98.0,0.15874347,211.0,130.0,0.9307598,205.0,128.0,0.8240949,203.0,188.0,0.6891142,250.0,121.0,0.66059875,205.0,245.0,0.9291235,285.0,120.0,0.68311465
guy3_warrior132_flipped.jpg,184.0,122.0,0.5420756,188.0,118.0,0.49049395,185.0,116.0,0.4775999,180.0,109.0,0.2514195,174.0,107.0,0.34604812,164.0,109.0,0.5122124,147.0,111.0,0.6665708,197.0,105.0,0.23250186,182.0,101.0,0.4816264,215.0,89.0,0.25484324,218.0,86.0,0.36103684,96.0,127.0,0.7320131,93.0,133.0,0.68177366,58.0,123.0,0.6871344,96.0,189.0,0.5240377,18.0,113.0,0.48522657,94.0,246.0,0.67689383
guy3_warrior133.jpg,113.0,122.0,0.466867,112.0,118.0,0.48814878,108.0,118.0,0.56112707,124.0,108.0,0.510348,116.0,110.0,0.34901458,150.0,111.0,0.43202007,128.0,110.0,0.44270453,119.0,104.0,0.27265528,91.0,106.0,0.36686024,79.0,84.0,0.6048245,52.0,100.0,0.62270933,210.0,134.0,0.52106494,206.0,127.0,0.50050837,202.0,189.0,0.6959435,249.0,121.0,0.5660545,204.0,246.0,0.8759253,284.0,118.0,0.48084995
guy3_warrior133_flipped.jpg,185.0,122.0,0.6031568,189.0,117.0,0.646149,186.0,116.0,0.6033918,180.0,109.0,0.57278585,175.0,107.0,0.64774394,165.0,110.0,0.7007568,149.0,110.0,0.65898925,199.0,108.0,0.4661388,183.0,103.0,0.5064161,219.0,89.0,0.14301643,219.0,87.0,0.42152038,96.0,125.0,0.6221207,93.0,134.0,0.75206715,54.0,123.0,0.81643176,96.0,190.0,0.5235855,18.0,115.0,0.61222047,94.0,246.0,0.7449662
guy3_warrior134.jpg,112.0,123.0,0.58490384,111.0,117.0,0.5561717,108.0,118.0,0.61523306,124.0,109.0,0.63788176,117.0,111.0,0.5391114,151.0,113.0,0.58277726,126.0,116.0,0.5567388,116.0,103.0,0.4312784,87.0,108.0,0.39413765,79.0,85.0,0.69144976,49.0,102.0,0.70194227,209.0,134.0,0.6421571,204.0,130.0,0.42983642,202.0,189.0,0.68115544,245.0,124.0,0.45780975,203.0,248.0,0.8932488,283.0,119.0,0.5255562
guy3_warrior134_flipped.jpg,186.0,122.0,0.6972663,189.0,117.0,0.5433201,187.0,116.0,0.4805581,180.0,108.0,0.7437844,178.0,106.0,0.6159025,166.0,113.0,0.71527123,151.0,107.0,0.7550235,200.0,107.0,0.44084188,184.0,103.0,0.36321822,216.0,108.0,0.20612648,219.0,88.0,0.52685577,97.0,126.0,0.76379836,94.0,133.0,0.8976209,52.0,123.0,0.8107672,97.0,189.0,0.6621275,18.0,116.0,0.72366804,95.0,248.0,0.76245534
guy3_warrior135.jpg,111.0,125.0,0.57422286,112.0,119.0,0.573883,108.0,120.0,0.6038082,123.0,110.0,0.6678978,114.0,113.0,0.4906563,151.0,114.0,0.5294659,125.0,118.0,0.42081687,117.0,104.0,0.54402196,87.0,110.0,0.43757904,78.0,86.0,0.5896124,49.0,103.0,0.53875893,209.0,136.0,0.5767796,203.0,132.0,0.4630441,201.0,190.0,0.68755484,243.0,125.0,0.51378286,202.0,248.0,0.86386526,284.0,122.0,0.52037835
guy3_warrior135_flipped.jpg,187.0,125.0,0.65656394,191.0,121.0,0.6354598,188.0,119.0,0.48773286,182.0,112.0,0.55423033,179.0,110.0,0.5516859,168.0,115.0,0.60595375,155.0,112.0,0.619115,201.0,108.0,0.3739989,184.0,103.0,0.52338237,218.0,92.0,0.26233345,219.0,90.0,0.41703555,100.0,129.0,0.55368674,95.0,135.0,0.8486092,57.0,125.0,0.7313664,98.0,190.0,0.4492908,18.0,118.0,0.59601676,96.0,247.0,0.73825276
guy3_warrior136.jpg,111.0,126.0,0.57189476,112.0,121.0,0.58949447,108.0,122.0,0.6288729,124.0,112.0,0.7442416,116.0,113.0,0.61518157,150.0,114.0,0.6175425,126.0,118.0,0.4624212,113.0,104.0,0.48754,89.0,112.0,0.4448071,77.0,86.0,0.83071285,51.0,103.0,0.65992826,208.0,138.0,0.5093495,204.0,132.0,0.56685466,200.0,192.0,0.6592407,244.0,125.0,0.5200418,202.0,249.0,0.8457073,282.0,122.0,0.54707843
guy3_warrior136_flipped.jpg,188.0,125.0,0.64034176,192.0,121.0,0.5936489,189.0,119.0,0.56817687,183.0,112.0,0.5477691,180.0,110.0,0.53137374,167.0,116.0,0.6270735,154.0,113.0,0.5884387,199.0,109.0,0.4675055,185.0,105.0,0.5104091,219.0,93.0,0.3155281,220.0,91.0,0.46797433,99.0,128.0,0.7595842,95.0,136.0,0.8640337,55.0,127.0,0.7825711,99.0,192.0,0.54502213,17.0,119.0,0.79298276,96.0,247.0,0.8331202
guy3_warrior137_flipped.jpg,189.0,127.0,0.5821543,192.0,123.0,0.76163304,190.0,121.0,0.5552657,184.0,114.0,0.6581633,181.0,112.0,0.6616284,167.0,115.0,0.647267,156.0,113.0,0.606588,200.0,108.0,0.41790393,188.0,105.0,0.50219387,220.0,92.0,0.23055282,221.0,91.0,0.5328681,99.0,129.0,0.73895264,96.0,136.0,0.80020297,57.0,128.0,0.76222646,99.0,193.0,0.6095098,18.0,120.0,0.7296512,97.0,248.0,0.86042607
guy3_warrior138.jpg,108.0,129.0,0.60028696,108.0,124.0,0.7671683,105.0,125.0,0.57276106,119.0,116.0,0.6075655,114.0,117.0,0.7474853,143.0,117.0,0.6956867,124.0,125.0,0.7503859,107.0,105.0,0.3818606,89.0,113.0,0.39798573,78.0,87.0,0.47538212,68.0,107.0,0.17819521,205.0,135.0,0.9218887,202.0,131.0,0.8488525,199.0,193.0,0.7313136,248.0,128.0,0.6830806,201.0,250.0,0.92512137,282.0,123.0,0.84370023
guy3_warrior138_flipped.jpg,190.0,128.0,0.5662489,193.0,124.0,0.70362574,191.0,122.0,0.7343075,185.0,115.0,0.5814618,184.0,112.0,0.6525962,171.0,115.0,0.59249496,159.0,113.0,0.5722388,199.0,109.0,0.34617507,187.0,107.0,0.51086456,223.0,92.0,0.14970964,223.0,90.0,0.6115067,100.0,129.0,0.7774609,97.0,138.0,0.8630046,57.0,129.0,0.8110014,100.0,194.0,0.67920935,18.0,121.0,0.77983963,98.0,249.0,0.9024123
guy3_warrior139.jpg,109.0,131.0,0.4699656,109.0,126.0,0.4930062,106.0,127.0,0.6141593,119.0,116.0,0.4768713,112.0,120.0,0.40098107,139.0,119.0,0.5735221,122.0,126.0,0.5983176,102.0,104.0,0.34894118,85.0,113.0,0.39397442,71.0,86.0,0.60589206,51.0,106.0,0.50434643,203.0,139.0,0.6409366,201.0,134.0,0.4118418,198.0,195.0,0.62234867,242.0,130.0,0.46772948,199.0,251.0,0.78966355,280.0,126.0,0.6204756
guy3_warrior139_flipped.jpg,189.0,128.0,0.5854151,193.0,124.0,0.67026913,191.0,122.0,0.52562815,185.0,113.0,0.46425387,183.0,112.0,0.46682945,173.0,115.0,0.72809386,161.0,114.0,0.46896094,207.0,112.0,0.4692088,189.0,109.0,0.44828758,227.0,110.0,0.26589286,221.0,92.0,0.55353105,101.0,130.0,0.6184068,98.0,138.0,0.87992865,56.0,130.0,0.7458183,101.0,195.0,0.77141464,15.0,123.0,0.78463256,99.0,250.0,0.8851066
guy3_warrior140.jpg,108.0,134.0,0.6346158,106.0,129.0,0.57818633,104.0,130.0,0.75305843,116.0,120.0,0.80467045,112.0,120.0,0.6292588,139.0,118.0,0.73662543,124.0,125.0,0.7196585,107.0,108.0,0.43590084,91.0,116.0,0.4547192,76.0,90.0,0.5691851,66.0,110.0,0.21738774,204.0,137.0,0.94131064,199.0,133.0,0.81421036,198.0,196.0,0.7854661,247.0,131.0,0.72592527,200.0,252.0,0.9197785,282.0,125.0,0.87123406
guy3_warrior140_flipped.jpg,189.0,133.0,0.6322289,192.0,130.0,0.61511046,190.0,128.0,0.5984961,185.0,120.0,0.5502471,182.0,118.0,0.5023715,172.0,117.0,0.65235853,159.0,116.0,0.56171733,206.0,114.0,0.4813829,191.0,110.0,0.40847722,222.0,97.0,0.26829028,222.0,93.0,0.43675792,101.0,132.0,0.7510793,100.0,141.0,0.82279724,60.0,131.0,0.83739865,102.0,196.0,0.67519784,19.0,123.0,0.8169582,99.0,251.0,0.86198753
guy3_warrior141.jpg,110.0,133.0,0.58071244,109.0,129.0,0.61235225,106.0,130.0,0.6068417,116.0,119.0,0.5583543,110.0,122.0,0.48732266,135.0,119.0,0.510619,118.0,129.0,0.4696095,105.0,109.0,0.28206074,85.0,134.0,0.41863587,77.0,94.0,0.69811654,53.0,147.0,0.6734504,198.0,142.0,0.45029554,197.0,137.0,0.48119897,196.0,197.0,0.40629584,242.0,130.0,0.49746075,197.0,254.0,0.7061559,279.0,129.0,0.44057262
guy3_warrior141_flipped.jpg,190.0,133.0,0.5378403,193.0,130.0,0.6031636,192.0,129.0,0.5550982,187.0,121.0,0.48527136,184.0,118.0,0.4696587,178.0,120.0,0.5346074,162.0,116.0,0.6846107,217.0,135.0,0.5953647,192.0,112.0,0.35353708,244.0,144.0,0.40049356,223.0,95.0,0.6894067,104.0,133.0,0.6887515,102.0,141.0,0.6705917,59.0,132.0,0.7355479,103.0,198.0,0.6763083,19.0,123.0,0.6634455,101.0,253.0,0.8350128
guy3_warrior142.jpg,107.0,134.0,0.54318905,107.0,129.0,0.6303262,103.0,129.0,0.57677585,117.0,121.0,0.48899364,110.0,122.0,0.42855906,136.0,121.0,0.55724084,122.0,128.0,0.5184204,102.0,108.0,0.10817775,83.0,136.0,0.5358047,73.0,94.0,0.59554136,59.0,144.0,0.27947962,201.0,140.0,0.9184809,195.0,138.0,0.7339678,196.0,198.0,0.72972137,245.0,133.0,0.7166074,199.0,254.0,0.8598233,282.0,129.0,0.8628883
guy3_warrior142_flipped.jpg,190.0,134.0,0.5670743,194.0,130.0,0.42370492,192.0,129.0,0.45403025,188.0,123.0,0.34826735,184.0,118.0,0.46072307,178.0,124.0,0.5108643,160.0,117.0,0.5579928,216.0,137.0,0.47243813,194.0,114.0,0.47141954,241.0,144.0,0.24710852,223.0,98.0,0.5467268,105.0,136.0,0.71209925,102.0,143.0,0.6266944,62.0,133.0,0.6427249,103.0,200.0,0.66453946,21.0,126.0,0.5981144,101.0,254.0,0.8268345
guy3_warrior143.jpg,109.0,134.0,0.5857357,108.0,129.0,0.66778564,105.0,130.0,0.63451064,117.0,119.0,0.5491735,113.0,121.0,0.59560513,137.0,121.0,0.6394821,124.0,125.0,0.5296017,101.0,109.0,0.2810142,88.0,116.0,0.38972843,76.0,97.0,0.5487516,63.0,112.0,0.20219266,198.0,141.0,0.83036107,196.0,136.0,0.79802334,195.0,198.0,0.7514518,243.0,133.0,0.6386492,197.0,254.0,0.9048522,281.0,130.0,0.84334654
guy3_warrior143_flipped.jpg,188.0,135.0,0.5195513,192.0,130.0,0.6066834,190.0,130.0,0.6154271,186.0,121.0,0.42959988,184.0,120.0,0.53172034,170.0,119.0,0.6002376,159.0,120.0,0.6812208,205.0,116.0,0.26681888,193.0,114.0,0.4819143,221.0,103.0,0.3690518,222.0,102.0,0.39571506,104.0,136.0,0.7230176,104.0,145.0,0.66284835,60.0,134.0,0.53496057,105.0,200.0,0.47010255,21.0,129.0,0.70953965,101.0,254.0,0.8205972
guy3_warrior144.jpg,107.0,132.0,0.5897645,106.0,127.0,0.61614144,104.0,128.0,0.64054996,117.0,117.0,0.58658886,113.0,121.0,0.45417473,138.0,120.0,0.6216382,124.0,124.0,0.5605603,97.0,112.0,0.17008168,89.0,116.0,0.4539199,70.0,98.0,0.51147413,63.0,111.0,0.2344999,198.0,145.0,0.8307501,195.0,140.0,0.5986752,194.0,201.0,0.6463646,242.0,138.0,0.579742,197.0,255.0,0.9259341,280.0,133.0,0.78707933
guy3_warrior144_flipped.jpg,191.0,132.0,0.58377784,195.0,127.0,0.63124233,192.0,126.0,0.62824607,188.0,117.0,0.365533,184.0,116.0,0.5162783,169.0,119.0,0.5823043,160.0,119.0,0.5208061,201.0,116.0,0.32151583,195.0,114.0,0.3809401,222.0,105.0,0.27037555,224.0,105.0,0.4132666,105.0,139.0,0.7113644,104.0,146.0,0.6819101,63.0,138.0,0.44448417,106.0,202.0,0.45301348,19.0,132.0,0.7273754,102.0,256.0,0.7800064
guy3_warrior145.jpg,107.0,133.0,0.5115686,106.0,128.0,0.39857626,104.0,128.0,0.64248854,117.0,118.0,0.53540045,111.0,120.0,0.4691647,136.0,119.0,0.45958182,123.0,125.0,0.62052494,96.0,111.0,0.39008826,90.0,117.0,0.44009954,71.0,101.0,0.4747118,68.0,105.0,0.20756507,196.0,147.0,0.7499226,194.0,141.0,0.68510073,192.0,202.0,0.8425768,239.0,142.0,0.6504778,195.0,256.0,0.90373385,280.0,138.0,0.8203001
guy3_warrior145_flipped.jpg,191.0,132.0,0.53445536,195.0,127.0,0.5700999,193.0,127.0,0.66633093,188.0,118.0,0.36176765,185.0,116.0,0.48702705,169.0,120.0,0.5333588,159.0,118.0,0.7230002,198.0,114.0,0.3216755,195.0,113.0,0.43081325,222.0,107.0,0.31555563,224.0,105.0,0.54576594,107.0,142.0,0.7436562,103.0,146.0,0.7005914,61.0,142.0,0.6646107,108.0,201.0,0.526263,20.0,135.0,0.78779143,103.0,256.0,0.8007859
guy3_warrior146.jpg,107.0,128.0,0.5060428,107.0,124.0,0.43639433,104.0,125.0,0.544219,118.0,115.0,0.6378162,112.0,117.0,0.327021,136.0,119.0,0.58563274,124.0,121.0,0.38229033,98.0,111.0,0.22039321,87.0,114.0,0.3576981,73.0,101.0,0.4090159,73.0,104.0,0.23061886,195.0,148.0,0.7284018,191.0,144.0,0.5969456,191.0,202.0,0.7458285,236.0,148.0,0.6091764,194.0,257.0,0.88891554,279.0,143.0,0.8486741
guy3_warrior146_flipped.jpg,192.0,129.0,0.544071,195.0,125.0,0.66273844,193.0,124.0,0.557936,190.0,116.0,0.41990396,186.0,114.0,0.5476688,174.0,123.0,0.5314388,159.0,117.0,0.63761616,203.0,113.0,0.3799601,195.0,111.0,0.4321549,223.0,105.0,0.30067697,227.0,102.0,0.51882625,108.0,144.0,0.7359047,105.0,148.0,0.65474313,63.0,147.0,0.6074642,110.0,203.0,0.54479074,21.0,140.0,0.74524987,105.0,257.0,0.79911953
guy3_warrior147.jpg,107.0,128.0,0.59068257,107.0,124.0,0.60757756,104.0,125.0,0.58595544,117.0,114.0,0.618987,111.0,116.0,0.3846492,137.0,118.0,0.7307757,121.0,123.0,0.441235,102.0,108.0,0.4698056,92.0,114.0,0.41859746,69.0,99.0,0.46452087,67.0,101.0,0.275644,195.0,148.0,0.73658645,190.0,145.0,0.61461616,191.0,204.0,0.7017524,234.0,151.0,0.6396884,192.0,258.0,0.9087776,278.0,149.0,0.79497707
guy3_warrior147_flipped.jpg,192.0,127.0,0.41901,196.0,123.0,0.5768157,194.0,122.0,0.6575569,190.0,115.0,0.54870856,186.0,113.0,0.60951674,173.0,122.0,0.6668739,158.0,116.0,0.63381124,200.0,113.0,0.4876311,195.0,110.0,0.7164921,222.0,108.0,0.4441136,225.0,104.0,0.4857198,109.0,147.0,0.7122419,102.0,149.0,0.85430133,62.0,151.0,0.73654944,110.0,204.0,0.74150205,20.0,147.0,0.83585274,106.0,259.0,0.7731235
guy3_warrior148.jpg,106.0,127.0,0.58580196,106.0,122.0,0.65752715,103.0,123.0,0.58079994,117.0,114.0,0.6560572,111.0,116.0,0.30994558,137.0,118.0,0.645144,121.0,124.0,0.52356356,101.0,104.0,0.53612614,92.0,112.0,0.5478907,67.0,93.0,0.397396,65.0,96.0,0.260718,195.0,149.0,0.8125562,190.0,147.0,0.59798056,189.0,204.0,0.8911009,236.0,154.0,0.5989252,192.0,259.0,0.91388595,281.0,155.0,0.8072645
guy3_warrior148_flipped.jpg,193.0,125.0,0.5248006,196.0,122.0,0.5871297,194.0,120.0,0.7076835,188.0,113.0,0.47235784,186.0,113.0,0.5689084,171.0,117.0,0.72614306,160.0,115.0,0.69186854,205.0,111.0,0.320126,196.0,107.0,0.44090226,225.0,101.0,0.306521,228.0,98.0,0.4946557,108.0,148.0,0.82291675,101.0,150.0,0.9274083,63.0,155.0,0.858892,112.0,205.0,0.87978244,20.0,153.0,0.90163064,106.0,260.0,0.90511453
guy3_warrior149.jpg,105.0,123.0,0.4693812,104.0,117.0,0.5957693,101.0,118.0,0.43965235,115.0,108.0,0.6200098,109.0,109.0,0.4109354,136.0,114.0,0.60403556,121.0,118.0,0.5242428,101.0,103.0,0.65896827,92.0,108.0,0.4900981,70.0,91.0,0.3892629,68.0,94.0,0.33378786,195.0,150.0,0.7927669,190.0,148.0,0.59611905,188.0,205.0,0.87809867,235.0,159.0,0.49292666,191.0,259.0,0.91642195,281.0,166.0,0.790912
guy3_warrior149_flipped.jpg,194.0,123.0,0.55132616,197.0,119.0,0.67763203,195.0,117.0,0.67711914,188.0,109.0,0.6711334,186.0,108.0,0.7083956,170.0,116.0,0.74963504,160.0,114.0,0.765296,201.0,108.0,0.5745771,194.0,104.0,0.42348573,227.0,97.0,0.4436611,231.0,95.0,0.38823518,108.0,150.0,0.7313806,101.0,151.0,0.9262955,64.0,161.0,0.77294123,113.0,207.0,0.79201365,19.0,162.0,0.83138025,107.0,262.0,0.93603003
guy3_warrior150.jpg,106.0,121.0,0.5166997,105.0,116.0,0.65830255,102.0,117.0,0.46166146,116.0,107.0,0.5878307,109.0,110.0,0.41067624,137.0,113.0,0.6401509,123.0,121.0,0.49636456,106.0,99.0,0.6734426,95.0,103.0,0.49341014,72.0,86.0,0.40279725,70.0,90.0,0.29101652,194.0,153.0,0.79329515,187.0,151.0,0.7412611,187.0,207.0,0.9078126,232.0,163.0,0.6432871,190.0,261.0,0.8996128,278.0,170.0,0.75454473
guy3_warrior150_flipped.jpg,191.0,121.0,0.65634286,194.0,116.0,0.78836673,193.0,115.0,0.6362275,188.0,106.0,0.6524404,185.0,106.0,0.7224554,169.0,115.0,0.5809608,159.0,110.0,0.803163,199.0,103.0,0.40847135,193.0,100.0,0.45441023,220.0,92.0,0.45141476,223.0,91.0,0.49694493,109.0,151.0,0.822292,103.0,151.0,0.91757804,66.0,164.0,0.7886461,114.0,207.0,0.7477583,22.0,169.0,0.8391123,108.0,262.0,0.8486664
